# CK2TITLE;EU4ID;Filename;Comment

# WtWSMS
c_nafusa;2450;2450 - Ghadames;Nafusa - Ghadames
c_sarbisa;2449;2449 - Jufra;Sarbisa - Jufra
c_tmenya;2456;2456 - Touggourt;Tmenya- Touggourt
c_tam;2457;2457 - Mzab;Tam - Mzab
c_taggara;2472;2472 - Ouargla;Taggara - Ouargla
c_garama;2474;2474 - Tajhari;Garama - Tajhari

# Iceland

c_vestisland;370;370 - Reykjavik;Vestisland - Reykjavik

c_austisland;371;371 - Akureyri;Austisland - Akureyri

# Ireland
d_ulster;4121;4121 - Ulaidh;Duchy Ulster - Ulaidh
c_ulster;4121;4121 - Ulaidh;County Ulster - Ulaidh
c_tyrone;372;372 - Ulster;Tyrone - Ulster
c_tyrconnell;4380;4380 - Donegal;Tyrconnell - Donegal
c_oriel;373;373 - Ulster;Oriel - Ulster
c_dublin;373;373 - Meath;Dublin - Meath
d_connacht;376;376 - Connaught;Duchy Connacht - Connaught
c_connacht;376;376 - Connaught;County Connacht - Connaught
c_connacht;4119;4119 - Sligo;County Connacht - Sligo
c_breifne;4379;4379 - Middlands;Breifne - Middlands
c_kildare;4120;4120 - Cilldara;Kildare - Cilldara
d_leinster;374;374 - Leinster;Duchy Leinster - Leinster
c_leinster;374;374 - Leinster;County Leinster - Leinster
c_ossory;4377;4377 - Leinster;Ossory - Leinster
c_thomond;375;375 - Munster;Thomond - Munster
c_ormond;4118;4118 - Ormond;Ormond - Ormond
c_desmond;4118;4118 - Deasmhumhain;Desmond - Deasmhumhain
c_desmond;4378;4378 - Kinsale;Desmond - Kinsale

# Scotland

d_galloway;249;249 - Ayrshire;Duchy Galloway - Ayrshire
c_galloway;249;249 - Ayrshire;County Galloway - Ayrshire
c_carrick;249;249 - Ayrshire;Carrick - Ayrshire
c_clydesdale;249;249 - Ayrshire;Clydesdale - Ayrshire

d_lothian;248;248 - Lothian;Duchy Lothian - Lothian
c_lothian;248;248 - Lothian;County Lothian - Lothian

c_dunbar;4361;4361 - East March;Dunbar - East March

c_teviotdale;4362;4362 - West March;Teviotdale - West March

c_fife;250;250 - Perth;Fife - Perth
c_strathearn;250;250 - Perth;Strathearn - Perth

c_gowrie;251;251 - Aberdeen;Gowrie - Aberdeen
c_atholl;251;251 - Aberdeen;Atholl - Aberdeen
c_buchan;251;251 - Aberdeen;Buchan - Aberdeen

d_moray;252;252 - Highlands;Duchy Moray - Highlands
c_moray;252;252 - Highlands;County Moray - Highlands

c_argyll;4363;4363 - Argyll;Argyll - Argyll

c_ross;4110;4110 - Sutherland;Ross - Sutherland
c_caithness;4110;4110 - Sutherland;Caithness - Sutherland

c_innse_gall;253;253 - Western Isles;Innse Gall - Western Isles
c_innse_gall;4364;4364 - Inner Hebrides;Innse Gall - Inner Hebrides

# England & Wales

d_northumberland;246;246 - Northumberland;Duchy Northumberland - Northumberland
c_northumberland;246;246 - Northumberland;County Northumberland - Northumberland
c_durham;246;246 - Northumberland;Durham - Northumberland

c_cumberland;247;247 - Cumbria;Cumberland - Cumbria

c_isle_of_man;4365;4365 - Mann;Isle of Man - Mann

c_york;245;245 - Yorkshire;York - York
c_york;4368;4368 - Scarborough;York - Scarborough
c_york;4367;4367 - Hull;York - Hull

d_lancaster;244;244 - Lancashire;Duchy Lancaster - Lancashire
c_lancaster;244;244 - Lancashire;Lancaster - Lancashire
c_westmorland;244;244 - Lancashire;Westmorland - Lancashire

c_chester;4375;4375 - Chester;Chester - Chester

c_lincoln;243;243 - Lincoln;Lincoln - Lincoln

c_derby;1861;1861 - Derby;Derby - Derby

c_leicester;4376;4376 - Leicester;Leicester - Leicester

d_hereford;240;240 - Shrewsbury;Duchy Hereford - Shrewsbury
c_hereford;240;240 - Shrewsbury;County Hereford - Shrewsbury
c_shrewsbury;240;240 - Shrewsbury;Shrewsbury - Shrewsbury
c_worcester;240;240 - Shrewsbury;Worcester - Shrewsbury

c_warwick;4372;4372 - Coventry;Warwick - Coventry

d_gwynedd;242;242 - Gwynedd;Duchy Gwynedd - Gwynedd
c_gwynedd;242;242 - Gwynedd;County Gwynedd - Gwynedd
c_perfeddwlad;242;242 - Gwynedd;Perfeddwlad - Gwynedd

c_powys;4366;4366 - Montgomery;Powys - Montgomery

d_deheubarth;241;241 - Glamorgan;Duchy Deheubarth - Glamorgan
c_glamorgan;241;241 - Glamorgan;Glamorgan - Glamorgan
c_gwent;241;241 - Glamorgan;Gwent - Glamorgan

c_dyfed;4369;4369 - Carmarthen;Dyfed - Carmarthen

d_gloucester;239;239 - Gloucestershire;Duchy Gloucester - Gloucestershire
c_gloucester;239;239 - Gloucestershire;County Gloucester - Gloucestershire
c_wiltshire;239;239 - Gloucestershire;Wiltshire - Gloucestershire

d_somerset;234;234 - Wessex;Duchy Somerset - Wessex
c_winchester;234;234 - Wessex;Winchester - Wessex

c_dorset;4374;4374 - Dorset;Dorset - Dorset

d_cornwall;233;233 - Cornwall;Duchy Cornwall - Cornwall
c_cornwall;233;233 - Cornwall;County Cornwall - Cornwall

c_devon;4373;4373 - Devon;Devon - Devon

c_somerset;4130;4130 - Somerset;Somerset - Somerset

c_oxford;237;237 - Oxfordshire;Oxford - Oxfordshire

c_middlesex;236;236 - London;Middlesex - London

c_essex;238;238 - Essex;Essex - Essex

d_norfolk;1860;1860 - Norfolk;Duchy Norfolk - Norfolk
c_norfolk;1860;1860 - Norfolk;County Norfolk - Norfolk
c_suffolk;1860;1860 - Norfolk;Suffolk - Norfolk

c_northampton;4370;4370 - Cambridgeshire;Northampton - Cambridgeshire
c_bedford;4370;4370 - Cambridgeshire;Bedford - Cambridgeshire

d_canterbury;235;235 - Kent;Duchy Canterbury - Kent
c_kent;235;235 - Kent;Kent - Kent

c_surrey;4371;4371 - Sussex;Surrey - Sussex
c_sussex;4371;4371 - Sussex;Sussex - Sussex

# Norway

c_faereyar;1979;1979 -Faroes;Faereyar - Färöarna

c_shetland;1978;1978 - Shetlands;Shetland - The Shetlands

c_orkney;369;369 - Orkney;Orkney - Orkney

c_bergenshus;23;23-Bergenshus;Bergenhus - Bergenhus
c_rogaland;24;24-Agder;Rogaland - Agder

c_agder;4145;4145 - Agdesiden;Agder - Agdesiden
c_telemark;4144;4144 - Bratsberg;Telemark - Bratsberg

c_akershus;4143;4143 - Smalenene;Akershus - Smalenene
c_vestfold;17;17-Akershus;Vestfold - Akershus

c_hedmark;22;22-Eisdiva;Hedmark - Eidsiva
c_oppland;22;22-Eisdiva;Oppland - Eidsiva

d_trondelag;20;20-Trondelag;Duchy Trondelag - Trondelag
c_naumadal;20;20-Trondelag;Naumadal - Trondelag

c_trondelag;2752;2752 - Sogn;County Trondelag - Sogn

c_halogaland;21;21-Halogaland;Halogaland - Hålogaland
c_nordland;21;21-Halogaland;Nordland - Hålogaland

c_finnmark;315;315 - Finnmark;Finnmark - Finnmark

d_jamtland;10;10-Jamtland;Duchy Jämtland - Jämtland
c_jamtland;10;10-Jamtland;County Jämtland - Jämtland
c_herjedalen;10;10-Jamtland;Herjedalen - Jämtland

c_viken;16;16-Bohuslan;Viken - Bohuslän

# Sweden & Finland

c_vastergotland;7;7-Vastergotland;Västergötland - Västergötland
c_vastergotland;4163;4163 - Elfsborg;Västergötland - Elfsborg

c_smaland;4166;4166 - Tioharad;Småland - Tioharad

d_smaland;3;3 - Kalmar;Duchy Småland - Kalmar
c_more;3;3 - Kalmar;Möre - Kalmar
c_oland;3;3 - Kalmar;Öland - Kalmar

c_ostergotland;2;2-Ostergotland;Östergötland - Östergötland
c_tjust;2;2-Ostergotland;Tjust - Östergötland

c_narke;1985;1985-Narke;Närke - Närke

c_gotland;25;25-Gotland;Gotland - Gotland

c_sodermanland;1;1-Uppland;Södermanland - Stockholm
c_uppland;1;1-Uppland;Uppland - Stockholm

c_aland;1930;1930 - Aland;Åland - Åland

c_varmland;5;5-Varmland;Värmland - Värmland
c_dal;4164;4164 - Dal;Dal - Dal

c_vastmanland;4;4-Bergslagen;Västmanland - Bergslagen

c_dalarna;8;8-Dalaskogen;Dalarna - Dalaskogen

c_halsingland;9;9-Halsingland;Hälsingland - Hälsingland
c_gastrikland;9;9-Halsingland;Gästrikland - Hälsingland
c_medelpad;9;9-Halsingland;Medelpad - Hälsingland

c_vasterbotten;11;11-Vasterbotten;Västerbotten - Västerbotten
c_angermanland;11;11-Vasterbotten;Ångermanland - Västerbotten

c_lappland;18;18-Lappland;Lappland - Lappland
c_lappland;4114;4114-Jokkmokk;Lappland - Jokkmokk

c_finland;27;27-Finland;Finland - Finland

c_satakunta;4123;4123-Birkaland;Satakunta - Birkaland

c_nyland;28;28 - Nyland;Nyland - Nyland

c_tavasts;29;29 -Tavastland;Tavasts - Tavastland

c_savolaks;31;31 - Savolaks;Savolaks - Savolax

c_kexholm;30;30 - Viborg;Kexholm - Viborg
c_kexholm;32;32 - Keksholm;Kexholm - Kexholm
c_kexholm;4124;4124 - Karelia;Kexholm - Karelia

c_osterbotten;19;19-Osterbotten;Österbotten - Österbotten
c_osterbotten;4152;4152 - Kajaani;Österbotten - Kajaani

c_kemi;4113;4113-Rovaniemi;Kemi - Rovaniemi
c_kemi;4151;4151 - Inari;Kemi - Inari
c_kola;1777;1777-Kola;Kola - Kola

c_karelen;1776;1776-Karelia;Karelen - Karelia
c_kandalax;1776;1776-Karelia;Kandalax - Karelia

c_onega;309;309 - Olonets;Onega - Olonets
c_zaozerye;309;309 - Olonets;Zaozerye - Olonets

c_vodi;33;33-Neva;Vodi - Neva
c_vodi;34;34-Ingermanland;Vodi - Ingermanland

c_narva;1842;1842 - Narva;Narva - Narva

c_reval;36;36 - Estland;Reval - Reval

# Denmark

c_skane;6;6-Skane;Skåne - Skåne
c_skane;4165;4165 - Goinge;Skåne - Goinge

c_halland;26;26-Halland;Halland - Halland

c_blekinge;1982;1982-Blekinge;Blekinge - Blekinge

c_bornholm;1981;1981-Bornholm;Bornholm - Bornholm

c_sjaelland;12;12-Sjaelland;Sjaelland - Sjaelland
c_sjaelland;1983;1983-Lolland;Sjaelland - Lolland

c_fyn;14;14-Fyn;Fyn - Fyn

c_jylland;1984;1984-Nordjylland;Jylland - Nordjylland
c_jylland;15;15-Jylland;Jylland - Midtjylland
c_jylland;4142;4142 - Aarhus;Jylland - Aarhus
c_jylland;4149;4149 - Kolding;Jylland - Kolding


c_slesvig;13;13-Slesvig;Slesvig - Slesvig

c_holstein;1775;1775 - Holstein;Holstein - Holstein

c_holstein;4141;4141 - Ditmarschen;Holstein - Ditmarschen

# Francia

c_french_leon;170;170 - Finistere;French Leon - Finistere
c_cornouaille;170;170 - Finistere;Cornouaille - Finistere

c_penthievre;169;169 - Armor;Penthievre - Armor

c_rennes;4384;4384 - Rennes;Rennes - Rennes

c_vannes;171;171 - Vannetais;Vannes - Vannetais

c_nantes;172;172 - Vendee;Nantes - Vendee

c_avranches;168;168 - Normandie;Avranches - Normandie
c_avranches;4385;4385 - Cotentin;Avranches - Cotentin
c_avranches;1879;1879 - Alencon;Avranches - Alencon
c_evreux;168;168 - Normandie;Evreux - Normandie

c_chartres;4388;4388 - Chartres;Chartres - Chartres

c_arques;167;167 - Caux;Arques - Caux
c_eu;167;167 - Caux;Eu - Caux
c_vexin;167;167 - Caux;Vexin - Caux

c_thouars;4386;4386 - Vendee;Thouars - Vendee

c_saintonge;4111;4111 - Santoigne;Saintonge - Santoigne

c_bordeaux;174;174 - Gascogne;Bordeaux - Gascogne

c_labourd;173;173 - Labourd;Labourd - Labourd
c_albret;173;173 - Labourd;Albret - Labourd

c_bearn;176;176 - Bearn;Bearn - Bearn

c_agen;175;175 - Armagnac;Agen - Armagnac
c_armagnac;175;175 - Armagnac;Armagnac - Armagnac

c_rosello;197;197 - Roussillon;Rosello - Roussillon
c_foix;197;197 - Roussillon;Foix - Roussillon

c_toulouse;196;196 - Toulouse;Toulouse - Toulouse
c_carcassonne;196;196 - Toulouse;Carcassonne - Toulouse

c_rouergue;198;198 - Rouergue;Rouergue - Rouergue

c_montpellier;200;200 - Languedoc;Montpellier - Languedoc

c_narbonne;2753;2753 - Narbonne;Narbonne - Narbonne

c_provence;201;201 - Provence;Provence - Provence
c_forcalquier;201;201 - Provence;Forcalquier - Provence
c_provence;2991;2991 - Draguignan;Provence - Draguignan
c_forcalquier;2991;2991 - Draguignan;Forcalquier - Draguignan

c_venaissin;202;202 - Avignon;Venaissin - Avignon

c_dauphine_viennois;204;204 - Dauphine;Dauphine Viennois - Dauphine

c_viviers;4391;4391 - Vivarais;Viviers - Vivarais
c_gevaudan;4391;4391 - Vivarais;Gevaudan - Vivarais

c_lyon;203;203 - Lyonnais;Lyon - Lyonnais
c_forez;203;203 - Lyonnais;Forez - Lyonnais

d_auvergne;199;199 - Auvergne;Duchy Auvergne - Auvergne
c_auvergne;199;199 - Auvergne;County Auvergne - Auvergne

c_perigord;4112;4112 - Cahors;Perigord - Cahors
c_perigord;194;194 - Cahors;Perigord - Cahors

c_angouleme;4387;4387 - Angouleme;Angouleme - Angouleme

c_lusignan;180;180 - Perigord;Lusignan - Perigord
c_poitiers;180;180 - Poitou;Poitiers - Poitou

c_tourraine;4389;4389 - Touraine;Tours - Touraine

c_limousin;195;195 - Limousin;Limousin - Limousin
c_la_marche;195;195 - Limousin;La Marche - Limousin

c_bourbon;190;190 - Bourbon;Bourbon - Bourbon

d_berry;179;179 - Berry;Berry - Berry
c_tourraine;179;179 - Berry;Tourraine - Berry
c_bourges;179;179 - Berry;Bourges - Berry

c_maine;177;177 - Maine;Maine - Maine

c_anjou;178;178 - Anjou;Anjou - Anjou

c_ile_de_france;183;183 - Ile-de-France;Ile de France - Ile-de-France

d_orleans;184;184 - Orleanais;Duchy Orleans - Orleanais
c_orleans;184;184 - Orleanais;County Orleans - Orleanais
c_blois;184;184 - Orleanais;Blois - Orleanais
c_vendome;184;184 - Orleanais;Vendome - Orleanais

c_reims;186;186 - Vermandois;Reims - Vermandois

c_troyes;4390;4390 - Troyes;Troyes - Troyes

c_sens;185;185 - Othe;Sens - Nemours

c_nevers;191;191 - Nevers;Nevers - Nevers

c_auxerre;4392;4392 - Auxerrois;Auxerre - Auxerrois

c_dijon;192;192 - Bourgogne;Dijon - Bourgogne

c_charolais;1877;1877 - Charolais;Charolais - Charolais
c_charolais;1877;1877 - Charolais;Duplicate to increase weight
c_macon;1877;1877 - Charolais;Macon - Charolais
c_chalons;1877;1877 - Charolais;Chalons - Charolais

c_amiens;182;182 - Cambray;Amiens - Cambray

c_vermandois;181;181 - Valenciennes;Vermandois - Valenciennes

c_boulogne;89;89 - Picardie;Boulogne - Picardie

c_guines;87;87 - Calais;Guines - Calais

c_artois;88;88 - Artois;Artois - Artois

c_bar;187;187 - Barrois;Bar - Barrois
c_saintois;187;187 - Barrois;Santois - Barrois
c_verdun;187;187 - Barrois;Verdun - Barrois

c_metz;188;188 - Metz;Metz - Metz

c_lorraine;189;189 - Lothringen;Lorraine - Lothringen

c_besancon;193;193 - Franche-Comte;Besancon - Franche-Comte

c_sundgau;1880;1880 - Sundgau;Sundgau - Sundgau

# Hispania

d_galicia;206;206 - Galicia;Duchy Galicia - Galicia
c_coruna;206;206 - Galicia;Coruna - Galicia
c_santiago;206;206 - Galicia;Santiago - Galicia

c_porto;231;231 - Porto;Porto - Porto

c_braganza;232;232 - Braganca;Braganza - Braganca

c_castelo_branco;228;228 - Beira;Castelo Branco - Beira

c_coimbra;1851;1851 - Ribatejo;Coimbra - Ribatejo

c_lisboa;227;227 - Lisboa;Lisboa - Lisboa

c_evora;4150;4150 - Evora;Evora - Evora

c_alcacer_do_sal;229;229 - Alentejo;Alcacer do Sal - Alentejo
c_mertola;229;229 - Alentejo;Mertola - Alentejo

d_algarve;230;230 - Algarve;Algarve - Algarve
c_silves;230;230 - Algarve;Silves - Algarve
c_faro;230;230 - Algarve;Faro - Algarve

d_asturias;207;207 - Asturias;Duchy Asturias - Asturias
c_asturias_de_oviedo;207;207 - Asturias;County Asturias de Oviedo - Asturias
c_astorga;207;207 - Asturias;Astorga - Asturias

c_leon;208;208 - Leon;Leon - Leon
c_zamora;208;208 - Leon;Zamora - Leon

c_salamanca;216;216 - Salamanca;Salamanca - Salamanca

c_caceres;1747;1747 - Caceres;Caceres - Caceres
c_alcantara;1747;1747 - Caceres;Alcantara - Caceres
c_plasencia;1747;1747 - Caceres;Plasencia - Caceres

c_badajoz;218;218 - Badajoz;Badajoz - Badajoz

c_sevilla;224;224 - Andalucia;Sevilla - Andalucia
c_aracena;224;224 - Andalucia;Aracena - Andalucia
c_niebla;224;224 - Andalucia;Niebla - Andalucia

c_cadiz;1749;1749 - Cadiz;Cadiz - Cadiz

c_algeciras;226;226 - Gibraltar;Algeciras - Gibraltar

c_cordoba;225;225 - Cordoba;Cordoba - Cordoba

c_cuenca;2751;2751 - Cuenca;Cuenca - Cuenca

c_molina;217;217 - Madrid;Molina - Madrid

c_toledo;219;219 - Toledo;Toledo - Toledo
c_calatrava;219;219 - Toledo;Calatrava - Toledo

c_la_mancha;2754;2754 - La Mancha;La Mancha - La Mancha

c_granada;223;223 - Granada;Granada - Granada
c_granada;1748;1748 - Jaen;Granada - Jaen
c_malaga;223;223 - Granada;Malaga - Granada

c_almeria;222;222 - Almeria;Almeria - Almeria

c_murcia;221;221 - Murcia;Murcia - Murcia
c_almansa;221;221 - Murcia;Almansa - Murcia

c_denia;1750;1750 - Alicante;Denia - Alicante

c_valencia;220;220 - Valencia;Valencia - Valencia
c_castellon;220;220 - Valencia;Castellon - Valencia

d_aragon;214;214 - Aragon;Duchy Aragon - Aragon
c_zaragoza;214;214 - Aragon;Zaragoza - Aragon
c_calatayud;214;214 - Aragon;Calatayud - Aragon

c_albarracin;2990;2990 - Teruel;Albarracin - Teruel

d_barcelona;213;213 - Barcelona;Duchy Barcelona - Barcelona
c_barcelona;213;213 - Barcelona;County Barcelona - Barcelona
c_lleida;213;213 - Barcelona;Lleida - Barcelona

c_tarragona;2988;2988 - Tarragona;Tarragona - Tarragona

c_empuries;212;212 - Girona;Empuries - Girona

c_alto_aragon;211;211 - Pirineo;Alto Aragon - Pirineo

c_urgell;2987;2987 - Urgell;Urgell - Urgell

c_navarra;210;210 - Navarra;Navarra - Navarra

c_viscaya;209;209 - Vizcaya;Viscaya - Viscaya

c_asturias_de_santillana;1745;1745 - Cantabria;Asturias de Santillana - Cantabria

c_burgos;1746;1746 - Burgos;Burgos - Burgos

c_najera;2989;2989 - La Rioja;Najera - La Rioja

c_valladolid;215;215 - Castilla La Vieja;Valladolid - Castilla La Vieja

c_soria;2755;2755 - Soria;Soria - Soria

d_mallorca;333;333 - The Baleares;Duchy Mallorca - The Baleares
c_mallorca;333;333 - The Baleares;County Mallorca - The Baleares
c_menorca;333;333 - The Baleares;Menorca - The Baleares

# Italy

c_corsica;1247;1247 - Corsica;Corsica - Corsica

c_arborea;127;127 - Sassari;Arborea - Sassari

c_cagliari;2986;2986 - Cagliari;Cagliari - Cagliari

c_palermo;125;125 - Palermo;Palermo - Palermo
c_trapani;125;125 - Palermo;Trapani - Palermo
c_agrigento;125;125 - Palermo;Agrigento - Palermo

c_messina;124;124 - Messina;Messina - Messina

c_siracusa;2982;2982 - Syracuse;Siracusa - Syracuse

c_malta;126;126 - Malta;Malta - Malta

c_reggio;123;123 - Calabria;Reggio - Calabria

c_consenza;2984;2984 - Costenza;Cosenza - Cosenza

c_lecce;122;122 - Apulia;Lecce - Salento

d_salerno;1934;1934 - Lucania;Duchy Salerno - Lucania
c_taranto;1934;1934 - Lucania;Taranto - Lucania
c_amalfi;1934;1934 - Lucania;Amalfi - Lucania

c_salerno;2983;2983 - Salerno;Salerno - Salerno
d_apulia;122;122 - Apulia;Duchy Apulia - Apulia
c_apulia;122;122 - Apulia;County Apulia - Apulia

c_bari;1933;1933 - Bari;Bari - Bari

c_foggia;2985;2985 - Capitanata;Foggia - Bari

d_benevento;1933;1933 - Bari;Duchy Benevento - Foggia
c_benevento;1933;1933 - Bari;County Benevento - Foggia
c_foggia;1933;1933 - Bari;Foggia - Foggia

d_capua;121;121 - Napoli;Duchy Capua - Napoli
c_capua;121;121 - Napoli;County Capua - Napoli
c_napoli;121;121 - Napoli;Napoli - Napoli

d_spoleto;120;120 - Abbruzzi;Duchy Spoleto - Abruzzi
c_spoleto;120;120 - Abbruzzi;County Spoleto - Abruzzi
c_aprutium;120;120 - Abbruzzi;Aprutium - Abruzzi

c_spoleto;2976;2976 - Umbria;County Spoleto - Umbria

c_roma;118;118 - Roma;Roma - Roma
c_roma;118;118 - Roma;Duplicate to increase weight
c_roma;118;118 - Roma;Duplicate to increase weight
d_latium;118;118 - Roma;Duchy Latium - Roma
c_orvieto;118;118 - Roma;Orvieto - Roma
c_orbetello;118;118 - Roma;Orbetello - Roma

c_ancona;119;119 - Ancona;County Ancona - Ancona

c_urbino;2977;2977 - Urbino;Urbino - Urbino

c_siena;117;117 - Siena;Siena - Siena

d_pisa;115;115 - Pisa;Duchy Pisa - Pisa
c_pisa;115;115 - Pisa;County Pisa - Pisa
c_piombino;115;115 - Pisa;Piombino - Pisa

c_firenze;116;116 - Firenze;Firenze - Firenze

c_firenze;2978;2978 - Arezzo;Firenze - Arezzo

c_lucca;2980;2980 - Lucca;Lucca - Firenze

c_modena;106;106 - Modena;Modena - Modena

c_parma;105;105 - Parma;Parma - Parma

c_genoa;101;101 - Liguria;Genoa - Liguria
c_genoa;2992;2992 - Albenga;Genoa - Liguria

c_nice;102;102 - Nice;Nice - Nice

c_ravenna;114;114 - Romagna;Ravenna - Romagna
c_bologna;114;114 - Romagna;Bologna - Romagna

c_ferrara;113;113 - Ferrara;Ferrara - Ferrara

c_mantua;109;109 - Mantua;Mantua - Mantua

c_verona;108;108 - Verona;Verona - Verona
c_padova;108;108 - Verona;Padova - Verona

c_brescia;107;107 - Brescia;Brescia - Brescia

c_cremona;1862;1862 - Cremona;Cremona - Cremona

c_lombardia;104;104 - Lombardia;Lombardia - Lombardia
c_lombardia;104;104 - Lombardia;Lombardia - Lombardia #Tiebreaker
c_pavia;104;104 - Lombardia;Pavia - Lombardia

c_lombardia;2979;2979 - Novarra;Lombardia - Novarra
c_pavia;2979;2979 - Novarra;Pavia - Novarra

c_monferrato;2981;2981 - Montferrat;Monferrato - Montferrat

c_saluzzo;1875;1875 - Turin;Saluzzo - Cuneo

c_piemonte;103;103 - Piedmont;Piemonte - Piedmont

c_trent;110;110 - Trent;Trent - Trent

c_treviso;1774;1774 - Treviso;Treviso - Treviso
c_treviso;111;111 - Friuli;Treviso - Friuli

c_venezia;112;112 - Venezia;Venezia - Venezia 

c_istria;130;130 - Istria;Istria - Istria

c_krain;129;129 - Krain;Krain - Krain

c_aquileia;1769;1769 - Gorz;Aquileia - Görz

# Switzerland

c_savoie;205;205 - Savoie;Savoie - Savoie

c_valais;1871;1871 - Wallis;Valais - Wallis

c_geneve;1867;1867 - Freiburg;Geneve - Freiburg
c_neuchatel;1867;1867 - Freiburg;Neuchatel - Freiburg

c_bern;165;165 - Bern;Bern - Bern
c_aargau;165;165 - Bern;Aargau - Bern

c_schwyz;1869;1869 - Zurich;Schwyz - Zurich

c_st_gallen;1870;1870 - St Gallen;St Gallen - St Gallen

c_grisons;166;166 - Schwyz;Grisons - Schwyz

# Low Countries

c_yperen;90;90 - Vlaanderen;Yperen - Vlaanderen

c_brugge;1744;1744 - Antwerpen;Brugge - Antwerpen

c_gent;1865;1865 - Ghent;Gent - Ghent

c_hainaut;91;91 - Hainaut;Hainaut - Hainaut

c_hainaut;1743;1743 - Cambray;Hainaut - Cambray

c_brabant;92;92 - Brabant;Brabant - Brabant

c_liege;93;93 - Liege;Liege - Liege
c_liege;1866;1866 - Namur;Liege - Namur

c_luxembourg;94;94 - Luxemburg;Luxembourg - Luxemburg

c_julich;1878;1878 - Aachen;Julich - Aachen

c_loon;1742;1742 - Limburg;Loon - Limburg

c_loon;2974;2974 - Loon;Loon - Loon

c_kleve;2975;2975 - Cleves;Kleve - Cleves

c_breda;95;95 - Breda;Breda - Breda

c_zeeland;96;96 - Zeeland;Zeeland - Zeeland
c_zeeland;4383;4383 - Haag;Zeeland - Haag

c_holland;97;97 - Holland;Holland - Holland
c_westfriesland;97;97 - Holland;Westfriesland - Holland

c_sticht;98;98 - Utrecht;Sticht - Utrecht

c_gelre;99;99 - Gelre;Gelre - Gelre
c_gelre;4381;4381 - Oversticht;Gelre - Oversticht

c_frisia;100;100 - Friesland;Frisia - Friesland
c_frisia;4382;4382 - Ommeland;Frisia - Ommeland

# Holy Roman Empire

c_breisgau;72;72 - Breisgau;Breisgau - Breisgau

c_baden;74;74 - Baden;Baden - Baden

c_pfalz;77;77 - Pfalz;Pfalz - Pfalz

c_mainz;78;78 - Mainz;Mainz - Mainz

c_nordgau;75;75 - Elsass;Nordgau - Elsass

c_trier;80;80 - Trier;Trier - Trier
c_trier;1761;1761 - Alzey;Trier - Worms
c_trier;1760;1760 - Koblenz;Trier - Koblenz

c_koln;85;85 - Koln;Köln - Köln
c_koln;84;84 - Berg;Köln - Berg

c_nassau;83;83 - Nassau;Nassau - Nassau
c_nassau;1876;1876 - Frankfurt;Nassau - Frankfurt

c_gottingen;82;82 - Lippe;Göttingen - Westfalen
c_gottingen;81;81 - Hessen;Göttingen - Hessen
c_gottingen;1762;1762 - Kassel;Göttingen - Kassel

c_munster;86;86 - Munster;Munster - Munster

c_osnabruck;56;56 - Osnabruck;Osnabruck - Osnabruck

c_munster;2973;2973 - Meppen;Munster - Meppen
c_osnabruck;2973;2973 - Meppen;Osnabruck - Meppen

c_ostfriesland;1931;1931 - East Frisia;Ostfriesland - East Frisia

c_oldenburg;55;55 - Oldenburg;Oldenburg - Oldenburg

c_bremen;1874;1874 - Bremen;Bremen - 1874
c_bremen;54;54 - Bremen;Bremen - 54

c_celle;1758;1758 - Hannover;Celle - Hannover

c_luneburg;53;53 - Luneburg;Luneburg - Luneburg

c_braunschweig;57;57 - Hannover;Braunschweig - Brunswick
c_braunschweig;2971;2971 - Hoya;Braunschweig - Hoya
c_braunschweig;2972;2972 - Paderborn;Braunschweig - Paderborn

c_hamburg;44;44 - Hamburg;Hamburg - Hamburg

c_lubeck;45;45 - Lubeck;Lubeck - Lubeck
c_lubeck;1857;1857 - Lauenburg;Lubeck - Lauenburg

c_altmark;2964;2964 - Altmark;Altmark - Altmark

c_anhalt;52;52 - Magdeburg;Anhalt - Magdeburg
c_anhalt;58;58 - Anhalt;Anhalt - Anhalt

d_mecklemburg;46;46 - Mecklenburg;Mecklemburg - Mecklenburg
c_mecklemburg;46;46 - Mecklenburg;Mecklemburg - Mecklenburg
c_rostock;46;46 - Mecklenburg;Rostock - Mecklenburg
c_werle;46;46 - Mecklenburg;Werle - Mecklenburg

c_werle;2996;2996 - Mecklenburg;Werle - Wismar

c_wolgast;2994;2994 - Greifswald;Wolgast - Greifswald

c_rugen;47;47 - Vorpommern;Rugen - Vorpommern

c_plauen;62;62 - Leipzig;Plauen - Leipzig

c_meissen;59;59 - Meissen;Meissen - Meissen

c_plauen;2965;2965 - Vogtland;Plauen - Vogtland
c_meissen;2965;2965 - Vogtland;Meissen - Vogtland

c_meissen;61;61 - Dresden;Meissen - Dresden

c_thuringen;63;63 - Erfurt;Thuringen - Thuringen
c_weimar;63;63 - Erfurt;Weimar - Thuringen

c_furstenberg;69;69 - Konstanz;Furstenberg - Konstanz

c_wurttemberg;70;70 - Wurttemberg;Wurttemberg - Wurttemberg

c_ulm;1872;1872 - Ulm;Ulm - Ulm

c_leiningen;71;71 - Ansbach;Leiningen - Ansbach

c_wurzburg;79;79 - Wurzburg;Wurzburg - Wurzburg

c_bamberg;66;66 - Bamberg;Bamberg - Bamberg

c_nurnberg;67;67 - Franken;Nurnberg - Franken
c_nurnberg;1757;1757 - Oberpfalz;Nurnberg - Oberpfalz

c_niederbayern;64;64 - Niederbayern;Niederbayern - Niederbayern

c_niederbayern;2957;2957 - Regensburg;Niederbayern - Regensburg

c_niederbayern;2956;2956 - Straubing;Niederbayern - Straubing

c_kempten;68;68 - Memmingen;Kempten - Memmingen

c_kempten;2955;2955 - Ingolstadt;Kempten - Ingolstadt

c_oberbayern;65;65 - Munchen;Oberbayern - Munchen
c_oberbayern;1868;1868 - Augsburg;Oberbayern - Augsburg

c_tirol;73;73 - Tirol;Tirol - Tirol
c_schwaben;73;73 - Tirol;Schwaben - Tirol

c_chur;1873;1873 - Chur;Chur - Chur

c_innsbruck;1768;1768 - Lienz;Innsbruck - Lienz

c_salzburg;76;76 - Salzburg;Salzburg - Salzburg

c_passau;133;133 - Linz;Passau - Linz

c_znojmo;1770;1770 - Ostmarch;Znojmo - Ostmarch

c_osterreich;134;134 - Wien;Osterreich - Wien
c_osterreich;1863;1863 - Graz;Osterreich - Wien

c_steiermark;132;132 - Steiermark;Steiermark - Steiermark

c_karnten;128;128 - Karnten;Karnten - Karnten

c_plzen;2967;2967 - Eger;Plzen - Eger

c_plzen;267;267 - Plsen;Plzen - Plzen

c_domazlice;2968;2968 - Budejovice;Domazlice - Budejovice

c_litomerice;1771;1771 - Erz;Litomerice - Erz

c_praha;266;266 - Bohemia;Praha - Bohemia

c_brno;265;265 - Moravia;Brno - Moravia

c_olomouc;4237;4237 - Olomouc;Olomouc - Olomouc

c_hradec;2970;2970 - Hradeco;Hradec - Hradeco

c_lower_silesia;2966;2966 - Glogow;Lower Silesia - Glogow

c_lubusz;1763;1763 - Niederlausitz;Lubusz - Niederlausitz

c_upper_silesia;60;60 - Lausitz;Upper Silesia - Oberlausitz

c_upper_silesia;4238;4238 - Leignitz;Upper Silesia - Liegnitz

c_lausitz;61;61 - Dresden;Lausitz - Dresden

c_brandenburg;50;50 - Brandenburg;Brandenburg - Berlin
c_brandenburg;51;51 - Ruppin;Brandenburg - Ruppin
c_brandenburg;1759;1759 - Potsdam;Brandenburg - Potsdam
c_brandenburg;2969;2969 - Sternberg;Brandenburg - Sternberg
c_brandenburg;2993;2993 - Uckermark;Brandenburg - Uckermark

# Balkans

c_veglia;1826;1826 - Lika;Veglia - Lika
c_senj;1826;1826 - Lika;Senj - Lika

d_dalmatia;136;136 - Dalmatia;Duchy Dalmatia - Dalmatia
c_zadar;136;136 - Dalmatia;Zadar - Dalmatia
c_split;136;136 - Dalmatia;Split - Dalmatia
c_zachlumia;136;136 - Dalmatia;Zachlumia - Dalmatia

c_zagreb;131;131 - Zagorje15;Zagreb - Croatia

c_varadzin;152;152 - Belovar;Varadzin - Belovar

c_ragusa;137;137 - Ragusa;Ragusa - Ragusa
c_ragusa;1831;1831 - Travunia;Ragusa - Travunia

c_zeta;138;138 - Zeta;Zeta - Zeta

c_rashka;1827;1827 - Raska;Rashka - Raska
c_rashka;1766;1766 - Kosovo;Rashka - Kosovo

c_belgrade;141;141 - Serbia;Belgrade - Smederevo

c_belgrade;4239;4239 - Belgrade;Belgrade - Belgrade

c_vidin;2746;2746 - East Gangwon;Vidin - Vidin
c_vidin;4176;4176 - Brancievo;Vidin - Brancievo

c_krizevci;1767;1767 - Veroce;Krizevci - Veroce

c_usora;1828;1828 - Soli;Usora - Soli

c_hum;139;139 - Hum;Hum - Hum

c_rama;140;140 - Usora;Rama - Bosnia
c_rama;3002;3002 - Visoki;Rama - Visoki

# Byzantine Empire

c_dyrrachion;143;143 - Vlore;Dyrrachion - Vlore
c_dyrrachion;4174;4174 - Durres;Dyrrachion - Durres

c_dyrrachion;4175;4175 - Lezhe;Ochrid - Lezhe
c_ochrid;4175;4175 - Lezhe;Ochrid - Lezhe

c_epeiros;144;144 - Janina;Epeiros - Janina
c_arta;144;144 - Janina;Arta - Janina

c_cephalonia;142;142 - Corfu;Cephalonia - Corfu

c_achaia;1773;1773 - Achaea;Achaia - Achaea
c_korinthos;1773;1773 - Achaea;Kornithos - Achaea

c_monemvasia;145;145 - Morea;Monemvasia - Morea
c_methone;145;145 - Morea;Methone - Morea

d_athens;146;146 - Athens;Duchy Athens - Athens
c_atheniai;146;146 - Athens;Atheniai - Athens
c_hellas;146;146 - Athens;Hellas - Athens
c_demetrias;146;146 - Athens;Demetrias - Athens

c_naxos;164;164 - Naxos;Naxos - Naxos

c_euboia;3003;3003 - Euboia;Euboia - Euboea

c_lesbos;2348;2348 - Chios;Lesbos - Chios
c_chios;2348;2348 - Chios;Chios - Chios

c_thessalia;147;147 - Salonica;Thessalia - Larissa

c_thessalonike;1853;1853- Kozani;Thessalonike - Kozani

c_chalkidike;148;148 - Thessaloniki;Chalkidike - Thessaloniki

c_strymon;3001;3001 - Skopje;Strymon - Skopje

c_naissus;3000;3000 - Nis;Naissus - Nis

c_serdica;1765;1765 - Nis;Serdica - Sofia

d_turnovo;2750;2750 - Plovdiv;Turnovo - Plovdiv
c_tyrnovo;2750;2750 - Plovdiv;Tyrnovo - Plovdiv

c_nikopolis;150;150 - Bulgaria;Nikopolis - Bulgaria
c_dorostotum;150;150 - Bulgaria;Dorostotum - Bulgaria

c_constantia;159;159 - Silistria;Constantia - Silistria
c_karvuna;159;159 - Silistria;Karvuna - Silistria

d_adrianopolis;149;149 - Edirne;Duchy Adrianopolis - Edirne
c_adrianopolis;149;149 - Edirne;County Adrianopolis - Edirne
c_philippopolis;149;149 - Edirne;Philippopolis - Edirne
c_kaliopolis;149;149 - Edirne;Kaliopolis - Edirne

c_mesembria;1764;1764 - Burgas;Mesembria - Burgas
c_thrake;1764;1764 - Burgas;Thrake - Burgas

c_byzantion;151;151 - Thrace;Byzantion - Thrace

c_nikomedeia;316;316 - Bithynia;Nikomedeia - Izmit

c_nikaea;4312;4312 - Sultanonu;Nikea - Sultanönu

c_kyzikos;317;317 - Bursa;Kyzikos - Hudavendigar
c_prusa;317;317 - Bursa;Prusa - Hudavendigar

c_abydos;2296;2296 - Biga;Abydos - Biga

c_smyrna;318;318 - Sugla;Smyrna - Sugla
c_smyrna;2297;2297 - Saruhan;Smyrna - Saruhan
c_ephesos;318;318 - Sugla;Ephesos - Sugla

c_laodikeia;4309;4309 - Aydin;Laodikeia - Aydin
c_laodikeia;4308;4308 - Denizli;Laodikeia - Denizli

c_lykia;319;319 - Mentese;Lykia - Mentese

c_rhodos;320;320 - Rhodes;Rhodos - Rhodes

c_seleukeia;2302;2302 - Icel;Seleukeia - Icel

c_attaleia;2298;2298 - Tekke;Attaleia - Tekke

d_armenia_minor;327;327 - Adana;Duchy Armenia Minor - Adana
c_adana;327;327 - Adana;Adana - Adana
c_tarsos;327;327 - Adana;Tarsos - Adana
c_teluch;327;327 - Adana;Teluch - Adana
c_lykandos;327;327 - Adana;Lykandos - Adana

c_tyana;4307;4307 - Aksaray;Tyana - Aksaray

c_sozopolis;1848;1848 - Hamid;Sozopolis - Hamid

c_dorylaion;322;322 - Anatolia;Dorylaion - Kutahya
c_dorylaion;4311;4311 - Karahisar;Dorylaion - Karahisar

c_ikonion;323;323 - Konya;Ikonion - Konya
c_ikonion;324;324 - Karaman;Ikonion - Karaman

c_paphlagonia;4313;4313 - Kangiri;Paphlagonia - Kangiri

c_ankyra;326;326 - Ankara;Ankyra - Ankara

c_herakleia;2299;2299 - Bolu;Herakleia - Bolu

c_sinope;325;325 - Kastamon;Sinope - Kastamon
c_sinope;328;328 - Sinope;Sinope - Sinope

c_chaldea;2304;2304 - Canik;Chaldea - Canik
c_amisos;2304;2304 - Canik;Amisos - Canik
c_amisos;1846;1846 - Amasya;Amisos - Amasya

c_trapezous;330;330 - Trebizon;Trapezous - Trebizond
c_theodosiopolis;330;330 - Trebizon;Theodosiopolis - Trebizond

c_kaisereia;2301;2301 - Kayseri;Kaisereia - Kayseri
c_kaisereia;2300;2300 - Bozok;Kaisereia - Bozok

c_galatia;4314;4314 - Kirshehir;Galatia - Kirshehir

c_koloneia;329;329 - Sivas;Koloneia - Sivas
c_koloneia;2305;2305 - Erzincan;Karin - Erzincan
c_koloneia;4315;4315 - Tokat;Karin - Tokat

c_melitene;332;332 - Marash;Melitene - Marash
c_melitene;4310;4310 - Divrigi;Melitene - Divrigi
c_melitene;2303;2303 - Malatya;Melitene - Malatya

c_karin;331;331 - Erserum;Karin - Erzurum
c_ani;331;331 - Erserum;Ani - Erzurum

c_ani;4302;4302 - Bayazid;Ani - Bayazid

c_vaspurakan;2307;2307 - Van;Vaspurakan - Van
c_vaspurakan;4296;4296 - Bitlis;Vaspurakan - Bitlis

c_dwin;4304;4304 - Khoy;Dwin - Khoy

c_lori;419;419 - Armenia;Dwin - Armenia

c_kartli;423;423 - Tbilisi;Kartli - Tbilisi

c_kakheti;4301;4301 - Kartli;Kahketi - Kartli

c_taron;418;418 - Diyarbekir;Taron - Diyarbekir

c_guria;2196;2196 - Guria;Guria - Gruia

c_tao;4303;4303 - Tao;Tao - Tao
c_tao;2204;2204 - Samtskhe;Tao - Samtskhe

c_mesopotamia;2306;2306 - Mush;Mesopotamia - Mush

c_albania;2203;2203 - Kahketi;Albania - Kahketi
c_albania;4305;4305 - Shaki;Albania - Shaki

d_cyprus;321;321 - Cyprus;Duchy Cyprus - Cyprus
c_famagusta;321;321 - Cyprus;Famagusta - Cyprus
c_limisol;321;321 - Cyprus;Limisol - Cyprus

d_krete;163;163 - Crete;Duchy Krete - Crete
c_chandax;163;163 - Crete;Chandax - Crete
c_kaneia;163;163 - Crete;Kaneia - Crete

# Levant

c_aleppo;377;377 - Aleppo;Aleppo - Aleppo
c_tell_bashir;377;377 - Aleppo;Tell Bashir - Aleppo

c_aintab;4298;4298 - Ayntab;Aintab - Ayntab

c_alexandretta;2313;2313 - Antioch;Alexandretta - Antioch
c_antiocheia;2313;2313 - Antioch;Antiocheia - Antioch

c_tripoli;378;378 - Beirut;Tripoli - Tarabulus
c_tortosa;378;378 - Beirut;Tortosa - Tarabulus

c_hama;1849;1849 - Hamah;Hama - Hammah
c_asas;1849;1849 - Hamah;Asas - Hammah
c_archa;1849;1849 - Hamah;Archa - Hamah

c_homs;4297;4297 - Homs;Homs - Homs
c_baalbek;4297;4297 - Homs;Baalbek - Homs

d_ascalon;1854;1854 - Jaffa;Duchy Ascalon - Jaffa
c_ascalon;1854;1854 - Jaffa;Ascalon - Jaffa
c_jaffa;1854;1854 - Jaffa;Jaffa - Jaffa

d_galilee;1855;1855 - Sidon;Duchy Galilee - Sidon
c_tyrus;1855;1855 - Sidon;Tyrus - Sidon
c_beirut;1855;1855 - Sidon;Beirut - Sidon
c_acre;1855;1855 - Sidon;Acre - Sidon

c_tiberias;381;381 - Ajiloun;Tiberias - Ajiloun

d_jerusalem;379;379 - Judea;Duchy Jerusalem - Judea
c_jerusalem;379;379 - Judea;County Jerusalem - Judea
c_jerusalem;379;379 - Judea;Duplicate to increase weight
c_negev;379;379 - Judea;Negev - Judea
c_hebron;379;379 - Judea;Hebron - Judea
c_beersheb;379;379 - Judea;Beersheb - Judea

c_damascus;382;382 - Damascus;County Damascus - Damascus
c_safed;382;382 - Damascus;Safed - Damascus

c_amman;4270;4270 - Azraq;Amman - Hawran
c_madaba;4270;4270 - Azraq;Madaba - Hawran

c_az_zarqa;4271;4271 - Hawran;Az Zarqa - Suwayda
c_irbid;4271;4271 - Damascus;Irbid - Suwayda

c_negev;1854;1854 - Negev;Negev - Negev
c_eilat;1854;1854 - Negev;Eilat - Negev

c_darum;364;364 - Gaza;Darum - Gaza
c_el-arish;364;364 - Gaza;El-Arish - Gaza

c_kerak;380;380 - Al Karak;Kerak - Al Karak
c_monreal;380;380 - Al Karak;Monreal - Al Karak

c_eilat;4268;4268 - Aqabah;Eilat - Aqabah
c_al_aqabah;4268;4268 - Aqabah;Al Aqabah - Aqabah

c_sinai;365;365 - Sinai;Sinai - Sinai

c_farama;2315;2315 - Suez;Farama - Suez
c_sarqihya;2315;2315 - Suez;Sarqihya - Suez

c_bira;4295;4295 - Hisn Kayfa;Bira - Hisn Kayfa

c_amida;418;418 - Diyarbekir;Amida - Diyarbekir

c_edessa;2308;2308 - Urfa;Edessa - Urfa
c_nisibin;2308;2308 - Urfa;Nisibin - Urfa

d_mosul;411;411 - Mosul;Duchy Mosul - Mosul
c_mosul;411;411 - Mosul;County Mosul - Mosul

c_sinjar;2309;2309 - Sinjar;Sinjar - Sinjar
c_sinjar;4292;4292 - Mardin;Sinjar - Mardin

c_al_bichri;407;407 - Rakka;Al Bichri - Rakka
c_al_jazira;407;407 - Rakka;Al Jazira - Rakka

d_syria;2314;2314 - Rahba;Duchy Syria - Rahba
c_syria;2314;2314 - Rahba;County Syria - Rahba
c_al_bichri;2314;2314 - Rahba;Al Bichri - Rahba

c_druz;405;405 - Tadmor;Druz - Tadmor
c_tadmor;405;405 - Tadmor;Tadmor - Tadmor
c_palmyra;405;405 - Tadmor;Palmyra - Tadmor
c_syria;405;405 - Tadmor;County Syria - Tadmor
c_al_mafraq;405;405 - Tadmor;Al Mafraq - Tadmor

c_karbala;406;406 - Haditha;Karbala - Haditha
c_karbala;409;409 - Karbala;Karbala - Karbala

# Egypt, Abyssinia, Socotra & Somalia

c_pelusia;4316;4316 - Sharqiya;Pelusia - Sharqiya

c_delta;362;362 - Delta;Delta - Rashid
c_gabiyaha;363;363 - Rashid;Gabiyaha - Rashid
c_manupura;2316;2316 - Al Gharbia;Manupura - Al Gharbia

d_alexandria;358;358 - Alexandria;Alexandria - Alexandria
c_alexandria;358;358 - Alexandria;Alexandria - Alexandria

c_al_alamayn;2326;2326 - Bardiyah;Al Alamayn - Bardiyah
c_quattara;2326;2326 - Bardiyah;Quattara - Bardiyah

c_al_alamayn;2325;2325 - Tarrana;Al Alamayn - Tarrana
c_quattara;2325;2325 - Tarrana;Quattara - Tarrana
c_alexandria;2325;2325 - Tarrana;Quattara - Tarrana

d_cairo;361;361 - Cairo;Duchy Cairo - Cairo
c_cairo;361;361 - Cairo;County Cairo - Cairo

c_gizeh;4317;4317 - Bahiriya;Gizeh - Bahiriya
c_gizeh;359;359 - Faiyum;Gizeh - Faiyum

c_asyut;4318;4318 - Atfih;Asyut - Atfih
c_asyut;2317;2317 - Minya;Asyut - Minya
c_asyut;2319;2319 - Asyut;Asyut - Asyut

c_quena;4320;4320 - Girga;Quena - Girga
c_quena;360;360 - Nile;Quena - Qena
c_quena;2320;2320 - Ras Gharib;Quena - RasGharib

c_buhairya;2318;2318 - Buhaira;Buhairya - Buhaira
c_buhairya;4323;4323 - Farafreh;Buhairya - Farafreh
c_buhairya;1233;1233 - Kargah;Buhairya - Kharga

d_aswan;1231;1231 - Aswan;Duchy Aswan - Aswan
c_aswan;1231;1231 - Aswan;Aswan - Aswan
c_aswan;4319;4319 - Isna;Aswan - Isna

d_aswan;2321;2321 - Queseer;Duchy Aswan - Queseer
c_aswan;2321;2321 - Queseer;Aswan - Queseer

d_nobatia;1234;1234 - Nubia;Duchy Nobatia - Qasr Ibrim
c_dotawo;1234;1234 - Nubia;Dotawo - Qasr Ibrim
c_nobatia;1234;1234 - Nubia;Nobatia - Qasr Ibrim

d_nobatia;1232;1232 - Suakin;Duchy Nobatia - Suakin
c_suakin;1232;1232 - Suakin;Suakin - Suakin

c_aydhab;2324;2324 - Halaib;Aydhab - Halaib

d_nubia;1228;1228 - Dongola;Duchy Makuria - Dongola
c_makuria;1228;1228 - Dongola;Makuria - Dongola
c_napata;1228;1228 - Dongola;Napata - Dongola

d_nubia;2322;2322 - Wadi Halfa;Duchy Makuria - Wadi Halfa
c_makuria;2322;2322 - Wadi Halfa;Makuria - Wadi Halfa
c_napata;2322;2322 - Wadi Halfa;Napata - Wadi Halfa

c_makuria;2798;2798 - Soba;Makuria - Soba

d_nubia;2323;2323 - Sahra an Nubyah;Duchy Makuria - Sahra an Nubyah
c_nubia;2323;2323 - Sahra an Nubyah;Nubia - Sahra an Nubyah

d_nubia;1229;1229 - Berber;Duchy Nubia - Berber
c_atbara;1229;1229 - Berber;Atbara - Berber
c_hayya;1229;1229 - Berber;Haya - Berber

d_nubia;2787;2787 - Hamasien;Duchy Nubia - Hamasien
c_hayya;2787;2787 - Hamasien;Haya - Hamasien
c_akordat;2787;2787 - Hamasien;Akordat - Hamasien
c_massawa;2787;2787 - Hamasien;Massawa - Hamasien

c_atbara;1220;1220 - Dar Jaal;Atbara - Bayuda
c_atbara;2797;2797 - Shendy;Atbara - Shendy

c_kassala;4033;4033 - Al Qadirif;Kassala - Al Qadirif

c_kassala;1225;1225 - Butana;Kassala - Butana
c_kassala;2772;2772 - Dembiya;Kassala - Demibya
c_kassala;2770;2770 - Agew;Kassala - Agew

d_hayya;1226;1226 - Taka;Duchy Blemmyia - Beja
c_hayya;1226;1226 - Taka;Hayya - Beja
c_kassala;1226;1226 - Taka;Kassala - Beja

d_axum;1230;1230 - Massawa;Duchy Axum - Massawa
c_trinkitat;1230;1230 - Massawa;Trinkitat - Massawa
c_massawa;1230;1230 - Massawa;Massawa - Massawa

c_massawa;2767;2767 - Enderta;Massawa - Enderta

d_sennar;1222;1222 - Gezira;Duchy Alodia - Gezira
c_alodia;1222;1222 - Gezira;Alodia - Gezira
c_sennar;1222;1222 - Gezira;Sennar - Gezira
c_kosti;1222;1222 - Gezira;Kosti - Gezira

c_kosti;2799;2799 - Sennar;Kosti - Sennar

d_axum;1227;1227 - Tigre;Duchy Axum - Tigray
d_semien;1227;1227 - Tigre;Duchy Semien - Tigray
d_wag;1227;1227 - Tigre;Duchy Wag - Tigray
c_aksum;1227;1227 - Tigre;Aksum - Tigray
c_tigrinya;1227;1227 - Tigre;Tigrinya - Tigray
c_semien;1227;1227 - Tigre;Semien - Tigray
c_wag;1227;1227 - Tigre;Wag - Tigray
c_lakomelza;1227;1227 - Tigre;Lakomelza - Tigray
c_begemder;1227;1227 - Tigre;Begemder - Tigray

c_wag;2769;2769 - Lasta;Wag - Lasta

d_axum;2766;2766 - Mendefera;Duchy Axum - Mendefera
d_semien;2766;2766 - Mendefera;Duchy Semien - Mendefera
d_wag;2766;2766 - Mendefera;Duchy Wag - Mendefera
c_akordat;2766;2766 - Mendefera;Akordat - Mendefera

d_semien;2771;2771 - Semien;Duchy Semien - Semien
c_semien;2771;2771 - Semien;Semien - Semien

d_afar;1215;1215 - Tajura;Duchy Afar - Tajura
c_tadjoura;1215;1215 - Tajura;Tadjoura - Tajura

d_afar;2765;2765 - Assab;Duchy Afar - Assab
c_assab;2765;2765 - Assab;Assab - Assab

c_begemder;1214;1214 - Wollo;Begemder - Wollo

c_harer;1211;1211 - Harer;Harer - Harer
c_harer;2773;2773 - Mora;Harer - Mora

c_asayita;2764;2764 - Ausa;Asayita - Ausa

c_asayita;2768;2768 - Angot;Asayita - Angot
c_lakomelza;2768;2768 - Angot;Lakomelza - Angot

c_zeila;1212;1212 - Zeila;Zeila - Zeila
c_zeila;2793;2793 - Hargeisa;Zeila - Hargeisa

c_berbera;1209;1209 - Berbera;Berbera - Berbera
c_berbera;2790;2790 - Sanaag;Berbera - Sanaag
c_berbera;2789;2789 - Las Khorey;Berbera - Las Khorey
c_berbera;2792;2792 - Togdheer;Berbera - Togdheer

c_busaso;2786;2786 - Busaso;Busaso - Busaso
c_busaso;2788;2788 - Hafun;Busaso - Hafun

d_shewa;1213;1213 - Shoa;Duchy Shewa - Shewa
c_ankober;1213;1213 - Shoa;Ankober - Shewa
c_antalo;1213;1213 - Shoa;Antalo - Shewa

c_ankober;2791;2791 - Ankober;Ankober - Ankober

d_gojjam;1223;1223 - Gojjam;Duchy Gojjam - Gojjam
c_gojjam;1223;1223 - Gojjam;Gojjam - Gojjam
c_gojjam;1223;1223 - Gojjam;Gojjam - Gojjam #Added weight
c_matamma;1223;1223 - Gojjam;Matamma - Gojjam
d_damot;1223;1223 - Gojjam;Duchy Damot - Gojjam

c_asosa;2763;2763 - Asosa;Asosa - Asosa

c_damot;2762;2762 - Damot;Damot - Damot

#d_gondar;1224;1224 - Gonder;Duchy Gondar - Gonder
c_gondar;1224;1224 - Gonder;Gondar - Gonder

#d_socotra;1099;1099 - Socotra;Duchy Socotra - Socotra
c_socotra;1099;1099 - Socotra;Socotra - Socotra

#Off the map for CK2 but included to avoid stump Ethiopian/Adal provinces in EU4:
d_shewa;1218;1218 - Kefa;Duchy Shewa - Sidamo
c_ankober;1218;1218 - Kefa;Ankober - Sidamo
c_antalo;1218;1218 - Kefa;Antalo - Sidamo

c_ankober;2761;2761 - Ankober;Ankober - Arsi
c_antalo;2760;2760 - Hadiya;Ankober - Hadiya

d_shewa;1210;1210 - Ifat;Duchy Shewa - Dawaro
c_ankober;1210;1210 - Ifat;Ankober - Dawaro
c_antalo;1210;1210 - Ifat;Antalo - Dawaro

d_harer;1208;1208 - Haud;Duchy Berbera - Haud
c_berbera;1208;1208 - Haud;Berbera - Haud
c_zeila;1208;1208 - Haud;Zeila - Haud

# North Africa

c_canarias;366;366 - The Canarias;Canarias - The Canarias

c_anti-atlas;348;348 - Sus;Anti-Atlas - Sus
c_anti-atlas;2470;2470 - Haha;Anti-Atlas - Haha
c_anti-atlas;1110;1110 - Agadir;Anti-Atlas - Agadir
c_anti-atlas;2464;2464 - Quarzazate;Anti-Atlas -Quarzazate
c_ifni;348;348 - Sus;Ifni - Sus
c_ifni;2470;2470 - Haha;Ifni - Haha
c_ifni;1110;1110 - Agadir;Ifni - Agadir
c_ifni;347;347 - Ifni;Ifni - Ifni
c_tharasset;347;347 - Ifni;Tharasset - Ifni

c_marrakech;344;344 - Marrakech;Marrakech - Marrakech
c_marrakech;2467;2467 - Meknes;Marrakech - Meknes
c_marrakech;2468;2468 - Tadla;Marrakech - Tadla

c_sijilmasa;346;346 - Figuig;Sijilmasa - Figuig
c_sijilmasa;2466;2466 - Draa;Sijilmasa - Draa
c_sijilmasa;2460;2460 - Saoura;Sijilmasa - Saoura

c_massat;2469;2469 - Toubkhal;Massat - Dukkala
c_massat;345;345 - Abda;Massat - Abda
c_infa;342;342 - Toubkhal;Infa - Charb

c_tangiers;334;334 - Tangiers;Tangiers - Tangiers

c_cebta;1751;1751 - Ceuta;Cebta - Ceuta

c_fes;343;343 - Fez;Fes - Fez
c_figuig;349;349 - Figuig;Figuig - Fez
c_el_rif;335;335 - Mellila;El Rif - Fez

c_snassen;2465;2465 - Oujda;Snassen  - Oujda

c_tlemcen;336;336 - Tlemcen;Tlemcen - Tlemcen

c_orania;337;337 - Oran;Orania - Oran

c_hanyan;2463;2463 - Kasadir;Hanyan - Kasadir
c_atlas_mnt;2463;2463 - Kasadir;Atlas Mnt - Kasadir
c_atlas_mnt;2462;2462 - Ouarsenis;Atlas Mnt

c_al_djazair;2461;2461 - Dahra;Al Djazair - Dahra
c_al_djazair;338;338 - Al-Djazair;Al Djazair - Al-Djazair
c_lemdiyya;338;338 - Al-Djazair;Lemdiyya - Al-Djazair
c_lemdiyya;2462;2462 - Ouarsenis;Lemdiyya - Ouarsenis

c_ouled_nail;2458;2458 - Hodna;Ouled Nail - Hodna
c_ouled_nail;351;351 - Aures;Ouled Nail - Aures

c_mzab;350;350 - Laghouat;Mzab - Laghouat
c_mzab;2459;2459 - Titteri;Mzab - Titteri

c_beni_yanni;339;339 - Bejaia;Beni Yanni - Kabylia
c_tell_atlas;339;339 - Bejaia;Tell Atlas - Kabylia



c_bejaija;1882;1882 - Bone;Bejaija - Bone

c_constantine;340;340 - Constantine;Constantine - Constantine
c_biskra;340;340 - Constantine;Biskra - Constantine
c_annaba;1882;1882 - Annaba;Annaba - Annaba


c_tunis;341;341 - Tunis;Tunis - Tunis
c_tunis;341;341 - Tunis;Duplicate to increase weight
c_medjerda;2454;2454 - Kef;Medjerda - Kef

c_bizerte;2455;2455 - Bizerte;Bizerte - Bizerte

c_kairwan;352;352 - Gafsa;Kairwan - Gafsa
c_gabes;352;352 - Gafsa;Gabes - Gafsa

c_gabes;2453;2453 - Sfax;Gabes - Sfax
c_mahdia;2453;2453 - Sfax;Mahdia - Sfax

c_mahdia;2473;2473 - Sousse;Mahdia - Sousse

c_tripolitana;354;354 - Tripolitania;Tripolitana - Tripolitania
c_tripolitana;2451;2451 - Thubaqt;Tripolitana - Thubaqt

c_djerba;353;353 - Gabes;Djerba - Tataouine
c_djerba;2954;2954 - Djerba;Djerba - Djerba
c_djerba;2452;2452 - Zuwarah;Djerba - Zuwarah

c_syrte;355;355 - Sirt;Syrta - Sirt
c_leptis_magna;355;355 - Sirt;Leptis Magna - Sirt

d_cyrenaica;356;356 - Cyrenaica;Duchy Cyrenaica - Cyrenaica
c_cyrenaica;356;356 - Cyrenaica;County Cyrenaica - Cyrenaica
c_benghazi;356;356 - Cyrenaica;Benghazi - Cyrenaica
c_senoussi;356;356 - Cyrenaica;Senoussi - Cyrenaica

c_tobruk;357;357 - Dahrna;Tobruk - Dahrna



# Mali

c_ouadane;1127;1127 - Tuat;Ouadane - Tuat
c_idjil;1127;1127 - Tuat;Idjil - Tuat

c_araouane;1128;1128 - Taodeni;Araouane - Taodeni
c_taghaza;1128;1128 - Taodeni;Taghaza - Taodeni

c_timbuktu;1132;1132 - Timbuktu;Timbuktu - Timbuktu

c_gao;1133;1133 - Gao;Gao - Gao
c_gao;2262;2262 - Karabara;Gao - Karabara
c_gao;2264;2264 - Hombori;Gao - Hombori
c_gao;2271;2271 - Azawagh;Gao - Azawagh
c_gao;2269;2269 - Zarmaganda;Gao - Zarmaganda

c_tadmekka;1130;1130 - Tadmekka;Tadmekka - Tadimekket

c_aoudaghost;1129;1129 - Azawadd;Aoudaghost - Azawadd

c_zarma;1142;1142 - Dendi;Zarma - Dendi
c_zarma;2268;2268 - Aribanda;Zarma - Aribanda
c_zarma;2270;2270 - Dallol;Zarma - Dallol
c_zarma;2278;2278 - Kebbi;Zarma - Kebbi

c_gurma;1136;1136 - Gurma;Gurma - Gurma
c_gurma;2266;2266 - Bilanga;Gurma - Bilanga
c_gurma;2265;2265 - Liptako;Gurma - Liptako
c_gurma;1137;1137 - Wagadugu;Gurma - Wagadugu

c_djenne;1134;1134 - Jenne;Djenne - Jenne
c_djenne;1135;1135 - Yatenga;Djenne - Jenne
c_djenne;2261;2261 - Kala;Djenne - Kala
c_djenne;2259;2259 - Bara;Djenne - Bara
c_djenne;2263;2263 - Haayre;Djenne - Haayre

c_bambuk;1120;1120 - Bambuk;Bambuk - Bambuk
c_bambuk;1121;1121 - Bure;Bambuk - Bure
c_bambuk;1117;1117 - Futa Jallon;Bambuk - Futa Jallon
c_bambuk;2248;2248 - Do;Bambuk - Do

c_oualata;2247;2247 - Hodh;Oualata - Hodh

c_ghana;1131;1131 - Massina;Ghana - Massina
c_ghana;1123;1123 - Segu;Ghana - Segu
c_ghana;2246;2246 - Baghena;Ghana - Baghena
c_ghana;2260;2260 - Mema;Ghana -Mema


c_mali;1124;1124 - Wasuju;Mali - Wasuju
c_mali;2249;2249 - Sibiridugu;Mali - Sibiridugu
c_mali;1122;1122 - Bagoe;Mali - Bagoe
c_mali;2250;2250 - Bendugu;Mali - Bendugu
c_mali;2253;2253 - Gwiriko;Mali - Gwiriko

# Arabia

c_maan;2327;2327 - Maan;Maan - Maan

c_medina;384;384 - Medina;Medina - Medina
c_medina;2330;2330 - Ma'din Sulaym;Medina - Ma'din Sulaym

c_mecca;385;385 - Mecca;Mecca - Mecca
c_mecca;2332;2332 - Truba;Mecca - Truba
c_mecca;4277;4277 - Taif;Mecca - Taif

c_asir;386;386 - Asir;Asir - Asir
c_asir;2335;2335 - Dawasir;Asir - Dawasir

c_sanaa;390;390 - Sanaa;Sanaa - Sana'a
c_sanaa;4281;4281 - Dhamar;Sanaa - Dhamar

c_taizz;387;387 - Mocha;Taizz - Mocha

c_aden;388;388 - Aden;Aden - Aden

c_bayda;2344;2344 - Al Jawf;Bayda - Al Jawf
c_bayda;2345;2345 - Ahqaf;Bayda - Ahqaf

c_kathiri;389;389 - Kinda;Kathiri - Kinda
c_kathiri;2343;2343 - Hadramawt;Kathiri - Hadramawt

c_mahra;402;402 - Mahra;Mahra - Mahra

c_dhofar;401;401 - Dhofar;Dhofar - Dhofar

c_duqm;2342;2342 - Wusta;Duqm - Wusta

c_muscat;400;400 - Muscat;Muscat - Muscat
c_muscat;2341;2341 - Sharqiyah;Muscat - Sharqiyah

c_hajar;399;399 - Suhar;Hajar - Suhar
c_hajar;403;403 - Nizwa;Hajar - Nizwa

c_dhu_zabi;398;398 - Qawasim;Dhu Zabi - Qawasim
c_dhu_zabi;404;404 - Liwa;Dhu Zabi - Liwa
c_dhu_zabi;397;397 - Beni Yas;Dhu Zabi - Beni Yas
c_dhu_zabi;2333;2333 - Abd al-Qays;Dhu Zabi - Abd al-Qays

c_al_hasa;395;395 - Qatar;Al Hasa - Qatar
c_al_hasa;2347;2347 - Hufuf;Al Hasa - Hufuf

c_bahrein;396;396 - Bahrain;Bahrein - Bahrain

c_damman;394;394 - Al-Qatif;Damman - Al-Qatif

c_kuwait;2340;2340 - Grane;Kuwait - Grane
c_rummah;2340;2340 - Grane;Rummah - Grane

c_al_jawf;2328;2328 - Tayma;Al Jawf - Tamya

c_hail;393;393 - Jabal Shammar;Hail - Jabal Shammar
c_hail;2337;2337 - Unaizah;Hail - Unaizah

c_rafha;2338;2338 - Hafar;Rafha - Hafar

c_hajr;392;392 - Nejd;Hajr - Najd
c_hajr;2339;2339 - Yabrin;Hajr - Yabrin

c_halaban;2335;2335 - Tamara;Halaban - Tamara
c_halaban;2336;2336 - Falaj;Halaban - Falaj

# Persian Empire

c_al_nadjaf;409;409 - Karbala;Al Nadjaf - Karbala

d_basra;408;408 - Basra;Duchy Basra - Basra
c_basra;408;408 - Basra;Basra - Basra
c_kufa;2311;2311 - Samawah;Kufa - Samawah

c_tigris;2312;2312 - Wasit;Tigris - Wasit

c_tigris;2209;2209 - Ilam;Tigris - Ilam
c_ilam;2209;2209 - Ilam;Ilam - Ilam

c_baghdad;410;410 - Baghdad;County Baghdad - Baghdad

d_tigris;2311;2311 - Samawah;Duchy Tigris - Samawah
c_al_amarah;2311;2311 - Samawah;Al Amarah - Samawah
c_al_nasiryah;2311;2311 - Samawah;Al Nasiryah - Samawah

c_deir;2310;2310 - Tikrit;Deir - Tikrit

c_kabul;451;451 - Kabul;Kabul - Kabul

c_bamiyan;2225;2225 - Bamyan;Bamiyan - Bamyan

c_kunduz;2227;2227 - Kunduz;Kunduz - Kunduz

c_balkh;450;450 - Balkh;Balkh - Balkh

c_maymana;2228;2228 - Maymana;Maymana - Maymana

c_ghazna;448;448 - Gazni;Ghazna - Gazni

c_bost;447;447 - Kandahar;Bost - Kandahar

c_zaranj;2229;2229 - Bust;Bost - Bust

c_farrah;2224;2224 - Ferah;Farrah - Ferah

c_herat;446;446 - Herat;Herat - Herat

c_zahedan;435;435 - Zaranj;Zahedan - Zaranj

c_mandesh;449;449 - Ghor;Mandesh - Ghor

d_sistan;434;434 - Kohistan;Duchy Sistan - Kohistan
c_sistan;434;434 - Kohistan;Sistan - Kohistan
c_saravan;434;434 - Kohistan;Saravan - Kohistan

d_sistan;2233;2233 - Chabahar;Duchy Sistan - Chabahar
c_jask;2233;2233 - Chabahar;Jask - Chabahar
c_tis;2233;2233 - Chabahar;Tis - Chabahar

c_merv;445;445 - Marv;Merv - Marv
c_merv;444;444 - Charjuy;Merv - Charjuy

c_kerman;432;432 - Kerman;Kerman - Kerman
c_kerman;2234;2234 - Rafsanjan;Kerman - Rafsanjan

c_bam;2220;2220 - Bam;Bam - Bam

c_hormuz;431;431 - Hormuz;Hormuz - Mogostan
c_hormuz;2999;2999 - Hormuz;Hormuz - Hormuz

c_ladistan;2219;2219 - Bandar Langeh;Ladistan - Bandar Langeh

c_sirjan;2223;2223 - Larestan;Sirjan - Larestan

c_shiraz;2218;2218 - Sarvestan;Shiraz - Sarvestan

d_fars;430;430 - Laristan;Duchy Fars - Fars
c_fars;430;430 - Laristan;Fars - Fars
c_hendjan;430;430 - Laristan;Hendjan - Fars

c_avhaz;2217;2217 - Yasuj;Avhaz - Yasuj

c_qwivir;2216;2216 - Semnan;Qwiver - Semnan

c_lut;427;427 - Qumis;Lut - Qumis

c_qom;2213;2213 - Markazi;Qom - Markazi

c_luristan;413;413 - Luristan;Luristan - Lorestan

c_rayy;428;428 - Hamadan;Rayy - Hamadan

c_dailam;2215;2215 - Qazvin;Dailam - Qazvin
c_qazwin;2215;2215 - Qazvin;Qazqin - Qazvin

c_khozistan;412;412 - Khuzestan;Khozistan - Khuzestan

c_esfahan;429;429 - Fars;Esfahan - Esfahan

c_yazd;433;433 - Yadz;Yazd - Yazd
c_yazd;2222;2222 - Ardakan;Yazd - Ardakan
c_yazd;4171;4171 - 4171 - Abarquh;Yazd - Abarquh

c_hamadan;414;414 - Hamadan;Hamadan - Hamadan

c_oromieh;2211;2211 - Ardalan;Oromieh - Ardalan

c_qohistan;2235;2235 - Sabzevar;Qohistan - Sabzevar

c_birjand;436;436 - Khurasan;Birjand - Khorasan

c_konjikala;437;437 - Atak;Konjikala - Kopet Dag
c_konjikala;2350;2350 - Konjikala;Konjikala - Konjikala

c_tus;2221;2221 - Mashhad;Tus - Mashhad

c_nishapur;2236;2236 - Bojnord;Nishapur - Bojnord

c_kirkuk;415;415 - Sharizhor;Kirkuk - Shahrizor

c_shirvan;421;421 - Murgan;Shirvan - Shirvan

c_suenik;2205;2205 - Nakhchivan;Suenik - Nakhchivan

c_azerbaijan;420;420 - Ganja;Azerbaijan - Gaja
c_azerbaijan;2202;2202 - Melikates;Azerbaijan - Melikates

c_kurdistan;2206;2206 - Urmia;Kurdistan - Urmia
c_kurdistan;2207;2207 - Maragheh;Kurdistan - Maragheh

c_kermanshah;2210;2210 - Kirmanshah;Kermanshah - Kirmanshah

c_gurgan;2214;2214 - Gurgan;Gurgan - Golestan

d_mazandaran;426;426 - Mazandaran;Duchy Tabaristan - Mazandaran
c_tabaristan;426;426 - Mazandaran;Tabaristan - Mazandaran
c_mazandaran;426;426 - Mazandaran;Mazandaran - Mazandaran

c_tabriz;416;416 - Tabriz;Tabriz - Tabriz
c_tabriz;424;424 - Ardabil;Tabriz - Ardabil

c_gilan;417;417 - Gilan;Gilan - Gilan

c_dailam;2212;2212 - Zanjan;Gilan - Zanjan

c_dihistan;2349;2349 - Kizil-Su;Dihistan - Kizil-Su

c_kara-kum;438;438 - Kara Kum;Kara Kum - Karakum

c_usturt;443;443 - Ust Yurt;Usturt - Ust Yurt

c_khiva;441;441 - Khiva;Khiva - Khiva
c_khiva;1973;1973 - Urgench;Khiva - Urgench
c_khiva;2362;2362 - Gurganj;Khiva - Gurganj

c_urgench;440;440 - Qaraqalpak;Urgench - Qaraqalpak
c_urgench;2370;2370 - Kungirot;Urgench - Kungirot

c_bukhara;442;442 - Bukhara;Bukhara - Bukhara

c_samarkand;453;453 - Qarshi;Samarkand - Qarshi
c_samarkand;454;454 - Samarkand;Samarkand - Samarkand

c_oshrusana;2363;2363 - Atakent;Oshrushana - Atakent
c_oshrusana;1967;1967 - Khujand;Oshrushana - Khujand

c_khuttal;1968;1968 - Kulob;Khuttal - Kulob
c_khuttal;452;452 - Badakhshan;Khuttal - Badakshan

c_fergana;458;458 - Kokand;Fergana - Kokand
c_fergana;460;460 - Uzkend;Fergana - Uzkend
c_fergana;2127;2127 - Yashilkul;Fergana - Yashilkul


#Turkestan

c_dashhowuz;455;455 - Kyrzyl-Kum;Dashhowuz - Kyzylkum

c_kyzylkum;1970;1970 - Syghnak;Kyzylkum - Syghnak

c_khiva;441;441 - Khiva;Khiva - Khiva

c_urgench;1973;1973 - Urgench;Urgench - Urgench

c_chach;457;457 - Tashkent;Chach - Tashkent
c_chach;2356;2356 - Shymkent;Chach - Shymkent
c_chach;2364;2364 - Talas;Chach - Talas

c_otrar;1969;1969 - Sozak;Otrar - Sozak
c_otrar;456;456 - Turkestan;Otrar - Turkestan

c_syr_darya;2352;2352 - Alty-Kuduk;Syr Darya - Alty-Kuduk
c_syr_darya;2358;2358 - Altyn;Syr Darya - Altyn

c_karluk;459;459 - Taraz;Karluk - Taraz

c_chuy;2126;2126 - Chuy;Chuy - Chuy
c_chuy;2125;2125 - Kochkor;Chuy - Kochkor

c_ili;2120;2120 - Ili;Ili - Ili

c_zhetysu;461;461 - Almaty;Zhetysu - Almaty
c_zhetysu;2368;2368 - Karamegdan;Zhetysu - Karamegdan

c_mangyshlak;439;439 - Mangyshlak;Mangyshlak - Mangyshlak

# Cumania & Perm

c_aral;471;471 - Alimuly;Aral - Alimuly

c_turkestan;2351;2351 - Shekty;Turkestan - Shekty

c_kirghiz;480;480 - Pegaya Orda;Kirghiz - Pegaya Orda

c_ket;2433;2433 - Vah;Ket - Vah

c_urzhar;2118;2118 - Urzhar;Urzhar - Urzhar
c_urzhar;2119;2119 - Chuguchak;Urzhar - Chuguchak
c_urzhar;4208;4208 - Qurqara-usu;Urzhar - Qurqara-usu

c_kangly;465;465 - Nogay;Kangly - Nogay

c_tobol;1076;1076 - Kurgan;Tyumen - Kurgan
c_tobol;2441;2441 - Iglino;Tobol - Iglino

c_tyumen;1075;1075 - Tyumen;Tyumen - Tyumen

c_sibir;1071;1071 - Irtesh;Tura - Irtesh

c_khantia;1074;1074 - Sibir;Sibir - Sibir

c_ishim;2357;2357 - Aksary;Ishim - Aksary
c_ishim;2369;2369 - Lower Ishim;Ishim - Lower Ishim

c_narim;2429;2429 - Agan;Narim - Agan
c_narim;2428;2428 - Yugan;Khantia - Yugan

c_mansia;1078;1078 - Middle Urals;Mansia - Tura
c_mansia;2427;2427 - Ostyaki;Sibir - Ostyaki

c_yamalia;1080;1080 - North Urals;Yamalia - Pelym

c_kipchak;476;476 - Kypshak;Kipchak - Kypshak
c_kipchak;2359;2359 - Baganaly;Kipchak - Baganaly

c_kazakh;477;477 - Nadym;Kazakh - Nadym
c_kazakh;2361;2361 - Dzhaman-Kuduk;Kazakh - Dzhaman-Kuduk

c_turgay;2353;2353 - Tortkara;Turgay - Tortkara

c_kimak;2354;2354 - Shegendyk;Kimak - Shegendyk
c_kimak;479;479 - Kerey;Kimak - Kerey

c_tura;478;478 - Argyn;Tura - Argyn
c_tura;2434;2434 - Barnaul;Tura - Barnaul

c_balkhash;2360;2360 - Tobykty;Balkhash - Tobykty
c_balkhash;2355;2355 - Narym;Balkhash - Narym

c_aqtobe;472;472 - Zhetyru;Aqtobe - Zhetyru
c_aqtobe;2366;2366 - Utva;Aqtobe - Utva

c_inder;470;470 - Bayuly;Inder - Bayuly

c_yaik;2420;2420 - Agyidel;Yaik - Agyidel
c_yaik;1966;1966 - Chelyaba;Yaik - Chelyaba

c_bashkirs;475;475 - Bashkortostan;Bashkiria - Bashkortostan
c_bashkirs;2444;2444 - Bashgird;Bashkiria - Bashgird

c_perm;305;305 - Perm;Perm - Perm
c_perm;1962;1962 - Kudymkar;Perm - Kudymkar
c_perm;1972;1972 - Udmurtia;Perm - Udmurtia
c_perm;4266;4266 - Izhkar;Perm - Izhkar

c_ural;1077;1077 - Solikamsk;Ural - Solikamsk
c_ural;1963;1963 - Cherdyn;Ural - Cherdyn

c_komi;1964;1964 - Ust-Sysolsk;Komi - Ust-Sysolsk

d_bulgar;4267;4267 - Bolgar;Duchy Bulgar - Bolgar
c_qazan;1082;1082 - Kazan;Kazan - Kazan
c_bulgar;4267;4267 - Bolgar;Bulgar - Bolgar

c_grassland_cheremisa;2422;2422 - Veda-Suvar;Ashli - Veda-Suvar

d_bulgar;2421;2421 - Juketau;Duchy Bulgar - Juketau
c_bilyar;2421;2421 - Juketau;Bilyar - Juketau
c_bulgar;2421;2421 - Juketau;Bulgar - Juketau

c_bilyar;4265;4265 - Ar Chally;Bilyar - Ar-Chally

c_syrt;1081;1081 - Simbirsk;Syrt - Simbirsk

c_ashli;4264;4264 - Tetyushi;Ashli - Tetyushi

c_pecheneg;473;473 - Samara;Pecheneg - Samara
c_pecheneg;1965;1965 - Buzuluk;Pecheneg - Buzuluk

c_saray;466;466 - Sarai;Saray - Sarai

c_lower_volga;2418;2418 - Ukek;Lower Volga - Ukek
c_lower_volga;2419;2419 - Kanadey;Lower Volga - Kanadey

# Southeastern Europe

c_sopron;135;135 - Sopron;Sopron - Sopron
c_sopron;135;135 - Sopron;Sopron - Sopron
c_vas;135;135 - Sopron;Vas - Sopron

c_fejer;4240;4240 - Fejer;Fejer - Fejer

c_szekezfehervar;1864;1864 - Somogy;Szekezfehervar - Pozsony
c_pecs;1864;1864 - Somogy;Pecs - Pozsony
c_pecs;4126;4126 - Bacs;Pecs - Bacs

c_bacs;1954;1954 - Torontal;Bacs - Torontal
c_csanad;1954;1954 - Torontal;Csanad - Torontal

c_bacs;4173;4173 - Syrmia;Bacs - Syrmia

c_temes;156;156 - Temes;Temes - Temes

c_pest;153;153 - Pest;Pest - Pest
c_esztergom;153;153 - Pest;Esztergom - Pest
c_esztergom;4125;4125 - Szolnok;Esztergom - Szolnok
c_pest;155;155 - Bekes;Pest - Bekes

d_nyitra;4236;4236 - Trencin;Trencin - Trencin
c_trencin;4236;4236 - Trencin;Trencin - Trencin
c_saris;4236;4236 - Trencin;Trencin - Trencin

c_pressburg;1772;1772 - Pozsony;Pressburg - Pozsony
c_nitra;1772;1772 - Pozsony;Nitra - Pozsony

c_orava;154;154 - Szepes;Orava - Ersekujvar

c_gemer;154;154 - Szepes;Gemer - Ersekujvar

c_orava;1318;1318 - Szepes;Orava - Szepes
c_saris;1318;1318 - Szepes;Saris - Szepes
c_gemer;1318;1318 - Szepes;Gemer - Szepes

c_bereg;162;162 - Zemplen;Bereg - Zemplen

c_abauj;1953;1953 - Szabolcs;Abauj - Szabolcs

c_marmaros;1952;1952 - Maramaros;Marmaros - Maramaros

c_szekelyfold;158;158 - Maros;Szekelyfold - Maros
c_szekelyfold;4127;4127 - Torda;Szekelyfold - Torda

c_bihar;157;157 - Bihar;Bihar - Bihar
c_heves;157;157 - Bihar;Heves - Bihar

c_feher;1951;1951 - Hunyad;Feher - Hunyad
c_feher;4128;4128 - Kiralyfold;Feher - Kiralyfold

c_severin;160;160 - Oltenia;Severin - Oltenia

c_turnu;2998;2998 - Buzau;Turnu - Buzau

c_turnu;161;161 - Wallachia;Turnu - Wallachia
c_tirgoviste;161;161 - Wallachia;Tirgoviste - Wallachia

c_galaz;1756;1756 - Budjak;Galaz - Bessarabia

c_birlad;268;268 - Bessarabia;Birlad - Moldavia
c_torki;268;268 - Bessarabia;Torki - Moldavia

# Eastern Europe

c_stettin;1858;1858 - Stettin;Stettin - Stettin

c_slupsk;48;48 - Kolberg;Slupsk - Kolberg
c_slupsk;2995;2995 - Stolp;Slupsk - Stolp

c_danzig;2997;2997 - Tuchel;Danzig - Tuchel

c_danzig;43;43 - Danzig;Danzig - Danzig
c_gnieznienskie;43;43 - Danzig;Gnieznienskie - Danzig

c_marienburg;1841;1841 - Marienburg;Marienburg - Marienburg
c_marienburg;42;42 - Warmia;Marienburg - Warmia
c_marienburg;2958;2958 - Osterode;Marienburg - Osterode

c_sambia;41;41 - Ostpreussen;Sambia - Ostpreussen
c_scalovia;41;41 - Ostpreussen;Scalovia - Ostpreussen

c_yatvyagi;767;767 - Wystuc;Yatvyagi - Wystuc

c_memel;40;40 - Memel;Memel - Memel

c_kurs;39;39 - Kurland;Kurs - Kurland

c_zemigalians;38;38 - Riga;Zemigalians - Riga

c_zemigalians;1935;1935 - Semigallia;Zemigalians - Semigallia

c_osel;35;35 - Osel;Osel - Ösel

c_livs;37;37 - Livland;Livs - Livland

c_dorpat;1834;1834 - Dorpat;Dorpat - Dorpat

c_west_dvina;273;273 - Latgalia;West Dvina - Latgalia
c_west_dvina;4241;4241 - Wenden;West Dvina - Wenden

c_zhmud;1936;1936 - Kovno;Zhmud - Kovno
c_zhmud;271;271 - Samogitia;Zhmud - Samogitia

c_poznanskie;2963;2963 - Notec;Poznanskie - Notec
c_poznanskie;254;254 - Poznan;Poznanskie - Poznan
c_poznanskie;49;49 - Neumark;Poznanskie - Neumark

c_kaliskie;255;255 - Kalisz;Kaliskie - Kalisz

c_chelminskie;1859;1859 - Torun;Chelminskie - Chelmno
c_kujawy;1859;1859 - Torun;Kujawy - Chelmno

c_plock;256;256 - Plock;Plock - Plock
c_plock;1938;1938 - Wizna;Plock - Wizna
c_czersk;257;257 - Warszawa;Czersk - Warsawa

c_sieradzko-leczyckie;1939;1939 - Leczyca;Sieradzko-Leczyckie - Leczyca
c_sieradzko-leczyckie;258;258 - Lodz;Sieradzko-Leczyckie - Sieradz

c_opole;264;264 - Breslau;Opole - Breslau

c_cieszyn;263;263 - Ratibor;Cieszyn - Ratibor

c_krakowskie;262;262 - Krakow;Krakowskie - Krakow

c_sacz;2960;2960 - Nowy Sacz;Sacz - Nowy Sacz
c_sacz;2959;2959 - Tarnow;Sacz - Tarnow

c_galich;261;261 - Ruthenia;Galich - Ruthenia
c_galich;2961;2961 - Lwow;Galich - Lwow

c_peremyshl;2424;2424 - Peremyshl;Peremyshl - Peremyshl

c_terebovl;281;281 - Kamienec;Terebovl - Podolia

c_sandomierskie;259;259 - Sandomierz;Sandomierskie - Sandomierz
c_sandomierskie;260;260 - Lublin;Sandomierz - Lublin

c_belgorod;282;282 - Yedisan;Belgorod - Yedisan
c_olvia;282;282 - Yedisan;Olvia - Yedisan

c_peresechen;2405;2405 - Bendery;Peresechen - Bender

c_beresty;277;277 - Brest;Beresty - Brest

c_pinsk;278;278 - Pinsk;Pinsk - Pinsk
c_pinsk;279;279 - Volhynia;Pinsk - Volhynia

c_turov;1941;1941 - Turov;Turov - Turov
c_turov;1942;1942 - Zhytomyr;Turov - Zhytomyr
c_turov;4247;4247 - Owrucz;Turov - Owrucz
c_turov;2962;2962 - Rowne;Turov - Rowne

c_minsk;276;276 - Minsk;Minsk - Minsk
c_minsk;4242;4242 - Ula;Minsk - Ula
c_lyubech;276;276 - Minsk;Lyubech - Minsk
c_lyubech;4115;4115 - Mazyr;Lyubech - Mazyr

c_kiev;280;280 - Kiev;Kiev - Kiev
c_kiev;280;280 - Kiev;Kiev - Kiev

c_jacwiez;1937;1937 - Grodno;Jacwiez - Grodno

c_sudovia;270;270 - Troki;Sudovia - Trakai

c_podlasie;269;269 - Podlasia;Podlasie - Podlasie

c_aukshayts;272;272 - Lithuania;Aukshayts - Vilna

c_vladimir_volynsky;1940;1940 - Belz;Vladimir Volynsky - Belz

c_korsun;1944;1944 - Cherkasy;Korsun - Cherkasy
c_korsun;1943;1943 - Bratslav;Korsun - Bratslav

c_pereyaslavl;290;290 - Poltava;Pereyaslavl - Poltava
c_pereyaslavl;2407;2407 - Pereyaslavl;Pereyaslavl - Pereyaslavl

c_polotsk;275;275 - Polotsk;Polotsk - Polotsk
c_lepiel;275;275 - Polotsk;Lepiel - Polotsk

c_lepiel;770;770 - Braslaw;Lepiel - Braslaw


c_smolensk;293;293 - Smolensk;Smolensk - Smolensk
c_smolensk;293;293 - Smolensk;Smolensk - Smolensk
c_vitebsk;293;293 - Smolensk;Vitebsk - Smolensk

c_vitebsk;771;771 - Vitebsk;Vitebsk - Vitebsk

c_mstislavl;4246;4246 - Mstislav;Mstislavl - Mstislav
c_orsha;292;292 - Mogilyov;Orsha - Mogilev

c_chernigov;289;289 - Chernigov;Chernigov - Chernigov

c_novgorod_seversky;1945;1945 - Novgorod-Seversky;Novgorod Seversky - Novgorod-Seversky

c_pskov;274;274 - Pskov;Pskov - Pskov
c_pskov;1960;1960 - Ostrov;Pskov - Ostrov

c_bezhetsky_verh;1961;1961 - Ladoga;Bezhetsky Verh - Ladoga

c_novgorod;310;310 - Novgorod;Novgorod - Novgorod
c_novgorod;4260;4260 - Vyshny Volochyok;Novgorod - Vyshny Volochyok

c_torzhok;1959;1959 - Torzhok;Torzhok - Torzhok

c_velikiye_luki;311;311 - Kholm;Velikiye Luki - Kholm
c_velikiye_luki;4148;4148 - Luki;Velikiye Luki - Luki

c_romny;1958;1958 - Kargopol;Romny - Kargopol

c_north_dvina;1955;1955 - Kholmogory;North Dvina - Kholmogory
c_trans-portage;1955;1955 - Kholmogory;Trans-Portage - Kholmogory
c_trans-portage;4258;4258 - Onega;Trans-Portage - Onega

c_samoyeds;313;313 - Archangelsk;Samoyeds - Arkhangelsk
c_bjarmia;313;313 - Archangelsk;Bjarmie - Arkhangelsk
c_bjarmia;4257;4257 - Mezen;Bjarmie - Mezen

c_beloozero;2749;2749 - Tikhvin;Beloozero - Tikhvin
c_beloozero;4117;4117 - Bezhetsk;Beloozero - Bezhetsk
c_beloozero;4261;4261 - Ustyuzhna;Beloozero - Ustyuzhna

c_vologda;312;312 - Vologda;Vologda - Beloozero

c_chud;314;314 - Ustyug;Chud - Vologda
c_chud;4259;4259 - Velsk;Chud - Velsk
c_chud;4262;4262 - Totma;Chud - Totma

c_veliky_ustug;1755;1755 - Ustyug;Veliky Ustug - Ustyug
c_syrj;1755;1755 - Ustyug;Syrj - Ustyug

c_zyriane;4129;4129 - Ust-Vym;Zyriane - Ust-Vym

c_ugra;4122;4122 - Shenkursk;Ugra - Shenkursk
c_ugra;4256;4256 - Solvychegodsk;Ugra - Solvychegodsk

c_kostroma;1753;1753 - Kostroma;Kostroma - Kostroma

c_galich_mersky;1957;1957 - Galich;Galich Mersky - Galich
c_galich_mersky;4263;4263 - Sol Galitskaya;Galich Mersky - Sol Galitskaya

c_yaroslavl;308;308 - Yaroslavl;Yaroslavl - Yaroslavl
c_yaroslavl;4250;4250 - Mologa;Yaroslavl - Mologa

c_rostov;4147;4147 - Rostov;Rostov - Rostov

c_tver;294;294 - Tver;Tver - Tver
c_tver;4249;4249 - Zubtsov;Tver - Zubtsov
c_tver;4248;4248 - Kashin;Tver - Kashin
c_uglich;294;294 - Tver;Uglich - Tver

c_suzdal;1956;1956 - Suzdal;Suzdal - Suzdal
c_suzdal;1754;1754 - Orel;Suzdal - Murom

c_vladimir;307;307 - Vladimir;Vladimir - Vladimir

c_pereyaslavl_zalessky;4253;4253 - Yuriev;Pereyaslavl - Yuriev

d_moskva;295;295 - Moskva;Duchy Moskva - Moskva
c_moskva;295;295 - Moskva;County Moskva - Moskva
c_moskva;4252;4252 - Kolomna;County Moskva - Kolomna

c_mozhaysk;4251;4251 - Mozhaisk;Mozhaysk - Mozhaisk

c_vyazma;296;296 - Mozhaisk;Vyazma - Kaluga
c_vyazma;4245;4245 - Vyazma;Vyazma - Vyazma

c_ryazan;301;301 - Ryazan;Ryazan - Ryazan

c_murom;1778;1778 - Kasimov;Murom - Kasimov

c_kolomna;300;300 - Tula;Kolomna - Tula

c_pronsk;4255;4255 - Pronsk;Pronsk - Pronsk

c_nizhny_novgorod;306;306 - Nijni-Novgorod;Nizhny Novgorod - Nizhny Novgorod

c_gorodez;4254;4254 - Starodub;Gorodez - Starodub

c_merya;1083;1083 - Zavolochye;Merya - Vetluga
c_hlynov;1083;1083 - Zavolochye;Hlynov - Vetluga

c_votyaki;1079;1079 - Viatka;Votyaki - Viatka

c_itil;464;464 - Astrakhan;Itil - Astrakhan

c_kuma;2208;2208 - Terek;Kuma - Terek

c_kuma;2417;2417 - Kuma;Kuma - Kuma
c_yegorlyk;2417;2417 - Kuma;Yegorlyk - Kuma
c_manych;2417;2417 - Kuma;Manych - Kuma

c_derbent;425;425 - Dagestan;County Derbent - Dagestan

c_shemakha;4299;4299 - Shamakhi;Shemakha - Shamakhi

c_semender;2198;2198 - Khundzia;Semender - Khundzia

c_semender;2199;2199 - Tarki;Semender - Tarki
c_semender;4306;4306 - Lakia;Semender - Lakia

c_imeretia;462;462 - Mingrelia;Imeretia - Mingrelia
c_imeretia;422;422 - Imereti;Imeretia - Imereti

c_abkhazia;1856;1856 - Abkhazia;Abkhazia - Abkhazia

c_kuban;287;287 - Kouban;Kuban - Kuban

c_tmutarakan;2447;2447 - Mantrega;Tmutarakan - Mantrega

c_tmutarakan;2195;2195 - Adyghe;Tmutarakan - Adyghe

c_yegorlyk;2416;2416 - Majar;Yegorlyk - Majar

c_azov;286;286 - Azow;Azov - Azov

c_lower_dniepr;1974;1974 - Yedishkul;Lower Dniepr - Yedishkul
c_lukomorie;1974;1974 - Yedishkul;Lukomorie - Yedishkul

c_lower_don;2412;2412 - Kyzyl-Yar;Lower Don - Kyzyl-Yar

c_crimea;284;284 - Crimea;Crimea - Crimea

c_theodosia;2410;2410 - Theodoro;Theodosia - Theodoro

c_cherson;285;285 - Kaffa;Cherson - Kaffa
c_korchev;285;285 - Kaffa;Korchev - Kaffa

c_oleshye;2406;2406 - Ingil;Oleshye - Ingil
c_oleshye;283;283 - Zaporozhia;Oleshye - Zaporozhia

c_alania;2197;2197 - Kabardia;Alania - Kabardia
c_alania;2201;2201 - Alania;Alania - Alania
c_alania;463;463 - Circassia;Alania - Circassia
# c_kasogia;463;463 - Circassia;Kasogia - Circassia

c_manych;468;468 - Khazaria;Manych - Manych

c_don_portage;1971;1971 - Tsaritsyn;Don Portage - Tsaritsyn

c_sarpa;2414;2414 - Azaraba;Sarpa - Azaraba

c_sarkel;288;288 - Cherkassk;Sarkel - Lower Don

c_tana;2413;2413 - Tyn;Tana - Tyn

c_uzens;474;474 - Yaik;Uzens - Yaik
c_uzens;2365;2365 - Orda;Uzens - Orda

c_guryev;469;469 - Ryn;Guryev - Ryn
c_guryev;2367;2367 - Lower Yik;Guryev - Lower Yik

c_roslavl;4244;4244 - Starodub;Roslavl - Starodub
c_bryansk;4116;4116 - Odayev;Bryansk - Odayev
c_bryansk;297;297 - Bryansk;Bryansk - Bryansk

c_sugrov;2408;2408 - Lipesk;Sugrov - Lipesk
c_sugrov;299;299 - Voronezh;Sugrov - Voronezh

c_sharukan;298;298 - Kursk;Sharukan - Kursk
c_sharukan;291;291 - Kharkov;Sharukan - Kharkov

c_desht-i-kipchak;2409;2409 - Bahmut;Desht-i-Kipchak - Bahmut

c_khopyor;467;467 - Borisoglebsk;Khopyor - Borisoglebsk

c_mordva;302;302 - Tambow;Mordva - Tambov

c_burtasy;303;303 - Saratow;Lower Volga - Saratov
c_burtasy;2415;2415 - Etkara;Lower Volga - Etkara

c_mountain_cheremisa;304;304 - Pensa;Mountain Cheremisa - Penza

c_chuvash;2423;2423 - Alatyr;Chuvash - Alatyr

c_toropets;1752;1752 - Rzhev;Toropets - Rzhev
c_toropets;4243;4243 - Toropets;Toropets - Toropets

c_chortitza;2411;2411 - Mansur;Chortitza - Mansur

#India and Baluchistan:

d_sauvira;504;504 - Lower Sind;Duchy Sauvira - Lower Sind
c_debul;504;504 - Lower Sind;Debul - Lower Sind
c_ranikot;504;504 - Lower Sind;Ranikot - Lower Sind

d_sauvira;2088;2088 - Umarkot;Duchy Sauvira - Umarkot
c_sonda;2088;2088 - Umarkot;Sonda - Umarkot
c_mansura;2088;2088 - Umarkot;Mansura - Umarkot

c_bhakkar;2072;2072 - Bhakkar;Bhakkar - Bhakkar
c_rajanpur;2072;2072 - Bhakkar;Rajanpur - Bhakkar
c_vijnot;505;505 - Upper Sind;Vijnot - Upper Sind

d_bhakkar;505;505 - Upper Sind;Duchy Bhakkar - Upper Sind
c_aror;505;505 - Upper Sind;Aror - Upper Sind
c_siwistan;505;505 - Upper Sind;Siwistan - Upper Sind

c_makran;575;575 - Gwadar;Makran - Gwadar

c_chagai;576;576 - Kalat;Chagai - Kalat

c_sibi;2068;2068 - Siwistan;Sibi - Siwistan

c_kalat;577;577 - Kalat;Kalat - Quetta

c_kandail;576;576 - Kalat;Kandail - Kalat
c_quzdar;576;576 - Kalat;Quzdar - Kalat

c_armail;2231;2231 - Bela;Armail - Bela

c_kafirkot;2079;2079 - Derajat;Kafirkot - Derajat

c_multan;506;506 - Multan;Multan - Multan

d_multan;2086;2086 - Cholistan;Duchy Multan - Cholistan
c_uch;2086;2086 - Multan;Uch - Cholistan
c_karur;2086;2086 - Multan;Karur - Cholistan

c_karor;507;507 - Punjab;Karor - Punjab
d_lahore;507;507 - Punjab;Duchy Lahore - Punjab
c_lahur;507;507 - Punjab;Lahur - Punjab
c_dipalpur;507;507 - Punjab;Dipalpur - Punjab
c_bhera;507;507 - Punjab;Bhera - Punjab
c_shorkot;507;507 - Punjab;Shorkot - Punjab
c_gurjaratra;507;507 - Punjab;Gurjaratra - Punjab
c_sakala;507;507;507 - Punjab;Sakala - Punjab

d_haritanaka;510;510 - Sirhind;Duchy Haritanaka - Sirhind
c_trigarta;510;510 - Sirhind;Trigarta - Sirhind
c_tribandapura;510;510 - Sirhind;Tribandapura - Sirhind
c_hisar;510;510 - Sirhind;Hisar - Sirhind
c_sarasvati;510;510 - Sirhind;Sarasvati - Sirhind
c_sthanisvara;510;510 - Sirhind;Sthanisvara - Sirhind

c_trigarta;2075;2075 - Doaba;Trigarta - Doaba

c_sthanisvara;2062;2062 - Panipat;Sthanisvara - Panipat


d_haritanaka;520;520 - Mewat;Duchy Haritanaka - Mewat
c_hisar;520;520 - Mewat;Hisar - Mewat
c_vairata;520;520 - Mewat;Vairata - Mewat

c_wana;2078;2078 - Sind Sagar;Wana - Sind Sagar

c_nandana;2076;2076 - Sialkot;Nandana - Sialkot

c_udabhanda;2077;2077 - Margalla;Udabhanda - Margalla

c_purushapura;578;578 - Roh;Purushapura - Roh
c_bannu;578;578 - Roh;Bannu - Roh

d_kuru;522;522 - Delhi;Duchy Kuru - Delhi
c_delhi;522;522 - Delhi;Delhi - Delhi
c_sthanisvara;522;522 - Delhi;Sthanisvara - Delhi

c_hastinapura;2060;2060 - Upper Doab;Hastinapura - Upper Doab

d_mathura;524;524 - Central Doab;Duchy Mathura - Central Doab
c_mathura;524;524 - Central Doab;Mathura - Central Doab
c_kol;524;524 - Central Doab;Kol - Central Doab
c_sripatha;524;524 - Central Doab;Sripatha - Central Doab

c_lakhnau;523;523 - Oudh;Lakhnau - Oudh
c_bharauli;523;523 - Oudh;Bharauli - Oudh
d_saryupara;523;523 - Oudh;Duchy Saryapura - Oudh
c_ayodhya;523;523 - Oudh;Ayodhya - Oudh
c_naimisa;523;523 - Oudh;Naimisa - Oudh

c_lakhnau;2094;2094 - Bahreich;Lakhnau - Bahreich
c_bharauli;2094;2094 - Bahreich;Bharauli - Bahreich
d_saryupara;2094;2094 - Bahreich;Duchy Saryapura - Bahreich
c_ayodhya;2094;2094 - Bahreich;Ayodhya - Bahreich
c_naimisa;2094;2094 - Bahreich;Naimisa - Bahreich

d_vodamayutja;2061;2061 - Katehar;Duchy Vodamayutja - Katehar
c_katehar;2061;2061 - Katehar;Katehar - Katehar
c_sambhal;2061;2061 - Katehar;Sambhal - Katehar
c_vodamayutja;2061;2061 - Katehar;Vodamayutja - Katehar

d_gurjara_mandala;521;521 - Rajkot;Duchy Gurjara Mandala - Rajkot
c_sarasvata_mandala;521;521 - Rajkot;Sarasvata Mandala - Rajkot
c_mohadavasaka;521;521 - Rajkot;Mohadavasaka - Rajkot
d_anartta;521;521 - Rajkot;Duchy Anartta - Rajkot
c_dhamalpur;521;521 - Rajkot;Dhamalpur - Rajkot
c_vardhamana;521;521 - Rajkot;Vardhamana - Rajkot

c_sarasvata_mandala;2053;2053 - Patan;Sarasvata Mandala - Patan
d_gurjara_mandala;521;521 - Patan;Duchy Gurjara Mandala - Patan

c_dvaraka;515;515 - Kathiawar;Dvaraka - Kathiawar
d_saurashtra;515;515 - Kathiawar;Duchy Saurashtra - Kathiawar
c_somnath;515;515 - Kathiawar;Somnath - Kathiawar

d_anartta;2052;2052 - Navanagar;Anartta - Navanagar
c_dvaraka;2052;2052 - Navanagar;Dvaraka - Navanagar
c_dhamalpur;2052;2052 - Navanagar;Dhamalpur - Navanagar

c_kutch;503;503 - Kutch;Kutch - Kutch

d_lata;516;516 - Gujarat;Duchy Lata - Gujarat
c_navasarika;516;516 - Gujarat;Navasarika - Gujarat
c_vadodara;516;516 - Gujarat;Vadodara - Gujarat

d_lata;2056;2056 - Rewakantha;Vadodara - Rewakantha
c_vadodara;2056;2056 - Rewakantha;Vadodara - Rewakantha
c_dadhipadra;2056;2056 - Rewakanthra;Dadhipadra - Rewakantha

c_khetaka;2054;2054 - Ahmadabad;Khetaka - Ahmadabad

c_valabhi;2051;2051 - Bhavanagar;Valabhi - Bhavanagar

d_lata;517;517 - Surat;Duchy Lata - Surat
c_navasarika;517;517 - Surat;Navasarika - Surat
c_daman;517;517 - Surat;Daman - Surat
c_thana;517;517 - Surat;Thana - Surat


d_nasikya;2034;2034 - Pune;Duchy Nasikya - Pune
c_nasikya;2034;2034 - Pune;Nasikya - Pune
c_kondana;2034;2034 - Pune;Kondana - Pune

c_nandurbar;2036;2036 - Baglana;Nandurbar - Baglana
c_nasikya;2036;2036 - Baglana;Nasikya - Baglana

c_mandavyapura;514;514 - Marwar;Mandavyapura - Marwar
c_mandavyapura;2066;2066 - Nagaur;Mandavyapura - Nagaur
c_mandavyapura;2087;2087 - Ajmer;Mandavyapura - Ajmer

c_godwad;2067;2067 - Gorwar;Godwad - Gorwar

d_jangladesh;512;512 - Jangladesh;Duchy Jangladesh - Jangladesh
c_vikramapura;512;512 - Jangladesh;Vikramapura - Jangladesh
c_reni;512;512 - Jangladesh;Reni - Jangladesh

#d_stravani;513;513 - Jaisalmer;Duchy Stravani - Jaisalmer
c_ludrava;513;513 - Jaisalmer;Ludrava - Jaisalmer
#c_vijnot;513;513 - Jaisalmer;Vijnot - Jaisalmer

d_medapata;518;518 - Mewar;Duchy Medapata - Chitrakut
c_chitrakut;518;518 - Mewar;Chitrakut - Chitrakut

d_medapata;2058;2058 - Mewar;Duchy Medapata - Mewar
c_medapata;2058;2058 - Mewar;Mewar - Mewar

c_medantaka;2064;2064 - Shekhawati;Medantaka - Shekhawati
c_nagauda;2064;2064 - Shekhawati;Nagauda - Shekhawati

c_sarasvati;2065;2065 - Bhattiana;Sarasvati - Bhattiana
c_hisar;2065;2065 - Bhattiana;Hisar - Bhattiana
d_jangladesh;2065;2065 - Bhattiana;Duchy Jangladesh - Bhattiana

c_kota;528;528 - Hadoti;Hadoti - Kota

d_ajmer;519;519 - Dhundar;Duchy Ajmer - Dhundar
c_ajayameru;519;519 - Dhundar;Ajayameru - Dhundar
c_ranthambore;519;519 - Dhundar;Ranthambore - Dhundar
c_vairata;519;519 - Dhundar;Vairata - Dhundar
c_vairata;519;519 - Dhundar;Vairata - Dhundar #Added weight

c_gwalior;525;525 - Gird;Gwalior - Gird

d_dadhipadra;526;526 - Mandu;Duchy Avanti - Mandu
c_mandapika;526;526 - Mandu;Mandapika - Mandu
c_dhara;526;526 - Mandu;Dhara - Mandu
c_dadhipadra;526;526 - Mandu;Dadhipadra - Mandu
c_ujjayini;526;526 - Mandu;Ujjayini - Mandu
d_akara_dasarna;526;526 - Mandu;Duchy Akara Dasarna - Mandu
c_sarangpur;526;526 - Mandu;Sarangpur - Mandu
c_chanderi;526;526 - Mandu;Chanderi - Mandu
c_candhoba;526;526 - Mandu;Candhoba - Mandu

c_dasapura;2093;2093 - Mandsaur;Dasapura - Mandsaur
c_mohadavasaka;2093;2093 - Mandsaur;Mohadavasaka - Mandsaur

c_ujjayini;2057;2057 - Bhilsa;Ujjayini - Bhilsa

c_mandapika;2092;2092 - Mahadeo;Mandapika - Mahadeo


d_dadhipadra;740;740 - Malwa;Duchy Avanti - Malwa
d_akara_dasarna;740;740 - Malwa;Duchy Akara Dasarna - Malwa
c_dasapura;740;740 - Malwa;Dasapura - Malwa
c_ujjayini;740;740 - Malwa;Ujjayini - Malwa
c_vidisa;740;740 - Malwa;Vidisa - Malwa

d_anupa;527;527 - Khandesh;Duchy Anupa - Khandesh
c_asirgarh;527;527 - Khandesh;Asirgarh - Khandesh
c_burhanpur;527;527 - Khandesh;Burhanpur - Khandesh
c_thalner;527;527 - Khandesh;Thalner - Khandesh

d_kanyakubja;556;556 - Lower Doab;Duchy Kanyakubja - Lower Doab
c_kanyakubja;556;556 - Lower Doab;Kanyakubja - Lower Doab
c_kalpi;556;556 - Lower Doab;Kalpi - Lower Doab
c_prayaga;556;556 - Lower Doab;Prayag - Lower Doab
c_bharauli;556;556 - Lower Doab;Bharauli - Lower Doab
c_asni;556;556 - Lower Doab;Asni - Lower Doab

d_kanyakubja;2063;2063 - Etawah;Duchy Kanyakubja - Etawah
c_kanyakubja;2063;2063 - Etawah;Kanyakubja - Etawah

d_jejakabhukti;559;559 - Bundelkhand;Duchy Jejakabhukti - Bundelkhand
c_mahoba;559;559 - Bundelkhand;Mahoba - Bundelkhand
c_kalanjara;559;559 - Bundelkhand;Kalanjara - Bundelkhand
c_chanderi;559;559 - Bundelkhand;Chanderi - Bundelkhan

c_gurgi;2097;2097 - Baghelkhand;Gurgi - Baghelkhand
c_jharkand;2097;2097 - Baghelkhand;Jharkand - Baghelkhand

c_kalpi;2059;2059 - Kalpi;Kalpi - Kalpi

c_damoh;550;550 - Mahakoshal;Damoh - Mahakoshal
d_dahala;550;550 - Mahakoshal;Duchy Dahala - Mahakoshal
c_tripuri;550;550 - Mahakoshal;Tripuri - Mahakoshal
c_chauragarh;550;550 - Mahakoshal;Chauragarh - Mahakoshal
c_kherla;550;550 - Mahakoshal;Kherla - Mahakoshal
c_ramagiri;550;550 - Mahakoshal;Ramagiri - Mahakoshal
c_kiranapura;550;550 - Mahakoshal;Kiranapura - Mahakoshal

d_ratanpur;551;551 - Mandla;Duchy Ratanpur - Mandla
c_tripuri;551;551 - Mandla;Tripuri - Mandla
c_bandhugadha;551;551 - Mandla;Bandhugadha - Mandla

d_ratanpur;2098;2098 - Surguja;Duchy Ratanpur - Surguja
c_ratanpur;2098;2098 - Surguja;Ratanpur - Surguja
c_tummana;2098;2098 - Surguja;Tummana - Surguja

d_vanga;564;564 - Dacca;Duchy Vanga - Dacca
c_bikrampur;564;564 - Dacca;Bikrampur - Dacca
c_kumara_mandala;564;564 - Dacca;Kumara Mandala - Dacca
c_candradvipa;564;564 - Dacca;Candradvipa - Dacca
d_varendra;564;564 - Dacca;Duchy Varendra - Dacca
c_madhupur;564;564 - Dacca;Madhupur - Dacca

c_suvarnagram;564;564 - Dacca;Suvarnagram - Dacca

d_gauda;563;563 - Gauda;Duchy Gauda - Gauda
c_gauda;563;563 - Gauda;Gauda - Gauda
c_laksmanavati;563;563 - Gauda;Laksmanavati - Gauda
c_radha;563;563 - Gauda;Radha - Gauda
c_damin_i_koh;563;563 - Gauda;Damin I Koh - Gauda
c_mudgagiri;563;563 - Gauda;Mudgagiri - Gauda

c_kotivarsa;2044;2044 - Bhagalpur;Kotivarsa - Bhagalpur

c_pundravardhana;2045;2045 - Barind;Pundravardhana - Barind

d_nadia;561;561 - Bengal Delta;Duchy Nadia - Bengal Delta
d_nadia;561;561 - Bengal Delta;Duchy Nadia - Bengal Delta #Again for extra weight
c_nabadwipa;561;561 - Bengal Delta;Nabadwipa - Bengal Delta
c_saptagrama;561;561 - Bengal Delta;Saptagrama - Bengal Delta
c_vijayapura;561;561 - Bengal Delta;Vijayapura - Bengal Delta
d_suhma;561;561 - Bengal Delta;Duchy Suhma - Bengal Delta

c_tamralipti;2039;2039 - Sunderbans;Tamralipti - Sunderbans

c_mallabhum;2081;2081 - Lakhnor;Mallabhum - Lakhnor

c_midnapore;2038;2038 - Midnapore;Midnapore - Midnapore

d_kamarupanagara;571;571 - Darrang;Duchy Kamarupangara - Darrang
c_kamarupanagara;571;571 - Darrang;Kamarupangara - Darrang
d_para_lauhitya;571;571 - Darrang;Duchy Para Lauhitya - Darrang
c_goalpara;571;571 - Darrang;Goalpara - Darrang

c_dimapur;570;570 - Naga;Dimapur - Naga

c_kamatapur;562;562 - Koch;Kamatapur - Koch

c_samatata;568;568 - Chittagong;Samatata - Chittagong

c_dimapur;567;567 - Silhet;Dimapur - Silhet
c_srihatta;567;567 - Silhet;Srihatta - Silhet
c_karmanta;567;567 - Silhet;Karmanta - Silhet
c_karmanta;2091;2091 - Tripura;Karmanta - Tripura

c_suvarnagram;2046;2046 - Nasirabad;Suvarnagram - Nasirabad

c_kamarupanagara;2042;2042 - Koch Hajo;Kamarupanagara - Koch Hajo

c_haruppeswara;566;566 - Assam;Haruppeswara - Assam

c_dimapur;573;573 - Cachar;Dimapur - Cachar

c_kundina;2040;2040 - Sadiya;Kundina - Sadiya

d_daksina_kosala;547;547 - Bastar;Duchy Daksina Kosala - Bastar

d_dandakaranya;547;547 - Bastar;Duchy Dandakaranya - Bastar
c_cakrakuta;547;547 - Bastar;Cakrakuta - Bastar
c_barasuru;547;547 - Bastar;Barasuru - Bastar

c_rayapura;2082;2082 - Raipur;Rayapura - Raipur

d_daksina_kosala;553;553 - Garjat;Duchy Daksina Kosala - Garjat
c_suvarnapura;553;553 - Garjat;Suvarnapura - Garjat
c_sripuri;553;553 - Garjat;Sripuri - Garjat
c_sambalpur;553;553 - Garjat;Sambalpur - Garjat
c_nandapur;553;553 - Garjat;Nandapur - Garjat

c_khijjingakota;2049;2049 - Khudra;Khijjingakota - Khudra
c_khinjali_mandala;2049;2049 - Khudra;Khinjali Mandala - Khudra
c_kodalaka_mandala;2049;2049 - Khudra;Kodalaka Mandala - Khudra

c_swetaka_mandala;2048;2048 - Garjat;Swetaka Mandala - Garjat

d_tosali;552;552 - Rajabara;Duchy Tosala - Rajabara
c_kataka;552;552 - Rajabara;Kataka - Rajabara
c_viraja;552;552 - Rajabara;Viraja - Rajabara

c_viraja;2043;2043 - Balasore;Viraja - Balasore

c_puri;2080;2080 - Srikakulam;Puri - Srikakulam

d_kalinga;549;549 - Kalingandhra;Duchy Kalinga - Kalingandhra
c_kalinganagar;549;549 - Kalingandhra;Kalinganagar - Kalingandhra
c_vizagipatam;549;549 - Kalingandhra;Vizagipatam - Kalingandhra

d_tirabhukti;558;558 - Bihar;Duchy Tirabhukti - Bihar

c_rothas;558;558 - Bihar;Rothas - Bihar
d_magadha;558;558 - Bihar;Duchy Magadha - Bihar
d_magadha;558;558 - Bihar;Duchy Magadha - Bihar #Added weight
c_magadha;558;558 - Bihar;Magadha - Bihar
c_gaya;558;558 - Bihar;Gaya - Bihar

c_simaramapura;2047;2047 - Tirhut;Simaramapura - Tirhut
c_mithila;2047;2047 - Tirhut;Mithila - Tirhut

c_sasaram;2095;2095 - Varanasi;Sasaram - Varanasi

d_kasi;555;555 - Jaunpur;Duchy Kasi - Jaunpur
c_varanasi;555;555 - Jaunpur;Varanasi - Jaunpur
c_jaunpur;555;555 - Jaunpur;Jaunpur - Jaunpur
c_chunar;555;555 - Jaunpur;Chunar - Jaunpur

c_sravasti;2055;2055 - Gorakhpur;Sravasti - Gorakhpur
c_kusinagara;2055;2055 - Gorakhpur;Kusinagara - Gorakhpur

d_jharkand;560;560 - Jharkand;Duchy Jharkand - Jharkand
c_jharkand;560;560 - Jharkand;Jharkand - Jharkand
c_munda;560;560 - Jharkand;Munda - Jharkand
c_rothas;560;560 - Jharkand;Rothas - Jharkand

c_rajrappa;2096;2096 - Damin;Rajrappa - Damin
c_radha;2096;2096 - Damin;Radha - Damin

c_acalapura;548;548 - West Berar;Acalapura - West Berar

d_vidharba;546;546 - East Berar;Duchy Vidharbha - East Berar
c_ramagiri;546;546 - East Berar;Ramagiri - East Berar
c_vairagara;546;546 - East Berar;Vairagara - East Berar

c_canda;2050;2050 - Chanda;Canda - Chanda

d_konkana;530;530 - South Konkan;Duchy Konkana - Malvana
c_thana;530;530 - South Konkan;Thana - Malvana
c_daman;530;530 - South Konkan;Daman - Malvana

d_lata;529;529 - North Konkan;Duchy Lata - North Konkan	#North Konkan is between these duchies, having both the adjacent duchies helps
d_konkana;529;529 - North Konkan;Duchy Konkana - North Konkan
c_daman;529;529 - North Konkan;Daman - North Konkan
c_thana;529;529 - North Konkan;Thana - North Konkan	#Added weight, province capital
c_thana;529;529 - North Konkan;Thana - North Konkan

c_thana;2089;2089 - Chud;Thana - Chud

c_goa;2030;2030 - Goa;Goa - Goa

c_kolhapur;2033;2033 - Savanur;Kolhapur - Savanur
c_vatapi;2033;2033 - Savanur;Vatapi - Savanur

c_goa;531;531 - Kanara;Goa - Kanara
c_honnore;531;531 - Kanara;Honnore - Kanara
c_kanara;531;531 - Kanara;Kanara - Kanara

c_kanara;2029;2029 - South Kanara;Kanara - South Kanara

d_nasikya;1946;1946 - Desh;Duchy Nasikya - Desh
c_kondana;1946;1946 - Desh;Kondana - Desh
c_kolhapur;1946;1946 - Desh;Kolhapur - Desh

d_devagiri;545;545 - Marathwada;Duchy Devagiri - Marathwada
c_devagiri;545;545 - Marathwada;Devagiri - Marathwada
c_pratishthana;545;545 - Marathwada;Pratisthana - Marathwada
c_vatsagulma;545;545 - Marathwada;Vatsagulma - Marathwada
c_nanded;545;545 - Marathwada;Nanded - Marathwada
c_parnakheta;545;545 - Marathwada;Parnaketha - Marathwada

d_rattapadi;544;544 - Ahmadnagar;Duchy Rattapadi - Ahmadnagar
c_lattalura;544;544 - Ahmadnagara;Lattalura - Ahmadnagar
c_naldurg;544;544 - Ahmadnagar;Naldurg - Ahmadnagar

c_taradavadi;569;569 - Bijapur;Taradavadi - Bijapur

d_kalyani;1948;1948 - Bidar;Duchy Kalyani - Bidar
c_kalyani;1948;1948 - Bidar;Kalyani - Bidar
c_bidar;1948;1948 - Bidar;Bidar - Bidar
c_sagar;1948;1948 - Bidar;Sagar - Bidar

c_manyakheta;2035;2035 - Gulbarga;Manyaketha - Gulbarga

d_gangavadi;533;533 - Mysore;Duchy Gangavadi - Mysore
c_srirangapatna;533;533 - Mysore;Srirangapatna - Mysore
c_talakad;533;533 - Mysore;Talakad - Mysore
c_manyapura;533;533 - Mysore;Manyapura - Mysore
c_nandagiri;533;533 - Mysore;Nandagiri - Mysore

d_nulambavadi;541;541 - Vijayanagar;Duchy Nulambavadi - Vijayanagara
c_uchangidurga;541;541 - Vijayanagar;Uchangidurga - Vijayanagara
c_dwarasamudra;541;541 - Vijayanagar;Dwarasamudra - Vijayanagara
c_alampur;541;541 - Vijayanagar;Alampur - Vijayanagara
c_banavasi;541;541 - Vijayanagar;Banavasi - Vijayanagara

c_dwarasamudra;2023;2032 - Melenadu;Dwarasamudra - Melenadu

d_gangavadi;2031;2031 - Morasandu;Duchy Gangavadi - Morasandu
c_manyapura;2031;2031 - Morasandu;Manyapura - Morasandu
c_nandagiri;2031;2031 - Morasandu;Nandagiri - Morasandu
c_talakad;2031;2031 - Morasandu;Talakad - Morasandu

c_nandagiri;2027;2027 - Arcot;Nandagiri - Arcot

c_udayagiri;2090;2090 - Kurnool;Udayagiri - Kurnool
c_alampur;2090;2090 - Kurnool;Alampur - Kurnool

d_raichur_doab;532;532 - Raichur Doab;Duchy Raichur Doab - Raichur Doab
c_idatarainadu;532;532 - Raichur Doab;Idatarainadu - Raichur Doab
c_kudalasangama;532;532 - Raichur Doab;Kudalasangama - Raichur Doab
c_vatapi;532;532 - Raichur Doab;Vatapi - Raichur Doab
c_banavasi;532;532 - Raichur Doab;Banavasi - Raichur Doab

c_cholamandalam;540;540 - Coromandel;Cholamandalam - Coromandel
c_cholamandalam;2026;2026 - Tanjore;Cholomandalam - Tanjore
c_cholamandalam;2085;2085 - Tiruchirappalli;Cholomandalam - Tiruchirappalli

d_chola_nadu;1947;1947 - Carnatic;Duchy Chola Nadu - Carnatic
c_tagadur;1947;1947 - Carnatic;Tagadur - Carnatic
c_potapi;1947;1947 - Carnatic;Potapi - Carnatic

d_pandya_nadu;536;536 - Madurai;Duchy Pandya Nadu - Madurai
c_madurai;536;536 - Madurai;Madurai - Madurai

#c_tenkasi;536;536 - Madurai;Tenkasi - Madurai

c_tirunelveli;2101;2101 - Tirunelveli;Tirunelveli - Tirunelveli

c_kongu;538;538 - Kongu;Kongu - Kongu

d_chera_nadu;534;534 - Malabar;Duchy Chera Nadu - Malabar
c_mahoyadapuram;534;534 - Malabar;Mahoyadapuram - Malabar
c_qalqut;534;534 - Malabar;Qalqut - Malabar

c_mahoyadapuram;535;535 - Kochin;Mahoyadapuram - Kochin

c_venadu;537;537 - Venad;Venadu - Venad

c_maldives;1248;1248 - Maldives;Maldives - Maldives

d_tondai_nadu;539;539 - Tondainadu;Duchy Tondai Nadu - Tondainadu
c_kanchipuram;539;539 - Tondainadu;Kanchipuram - Tondainadu
c_nellore;539;539 - Tondainadu;Nellore - Tondainadu

c_nellore;2083;2083 - Kosta;Nellore - Kosta

d_vengi;543;543 - Kosta;Duchy Vengi - Kosta
c_vijayawada;543;543 - Kosta;Vijayawada - Kosta
c_nellore;543;543 - Kosta;Nellore - Kosta

d_vengi;2084;2084 - Konaseema;Duchy Vengi - Konaseema
c_vengipura;2084;2084 - Konaseema;Vengipura - Konaseema
c_pithapuram;2084;2084 - Konaseema;Pithapuram - Konaseema

d_udayagiri;1949;1949 - Rayalaseema;Duchy Udayagiri - Rayalaseema
c_udayagiri;1949;1949 - Rayalaseema;Udayagiri - Rayalaseema
c_amaravati;1949;1949 - Rayalaseema;Amaravati - Rayalaseema
c_penugonda;1949;1949 - Rayalaseema;Penugonda - Rayalaseema

d_warangal;2037;2037 - Warangal;Duchy Warangal - Warangal
c_kambampet;2037;2037 - Warangal;Kambampet - Warangal
c_orangallu;2037;2037 - Warangal;Orangallu - Warangal
c_rajamahendravaram;2037;2037 - Warangal;Rajamahendravaram - Warangal

d_warangal;2028;2028 - Mahur;Duchy Warangal - Mahur
c_vemulavada;2028;2028 - Mahur;Vemulavada - Mahur
c_balkonda;2028;2028 - Mahur;Balkonda - Mahur

d_racakonda;542;542 - Telingana;Duchy Racakonda - Telingana
c_racakonda;542;542 - Telingana;Racakonda - Telingana
c_nilagiri;542;542 - Telingana;Nilagiri - Telingana
c_pannagallu;542;542 - Telingana;Pannagallu - Telingana
c_medak;542;542 - Telingana;Medak - Telingana
c_kollipake;542;542 - Telingana;Kollipake - Telingana

d_lanka;572;572 - Kotte;Duchy Lanka - Kotte
c_phiti;572;572 - Kotte;Pihiti - Kotte
c_dakhina_desa;572;572 - Kotte;Dakhina Desa - Kotte

d_lanka;2099;2099 - Kandy;Duchy Lanka - Kandy
d_sinhala;2099;2099 - Kandy;Duchy Sinhala - Kandy
c_rohana;2099;2099 - Kandy;Rohanna - Kandy
c_kotthasara;2099;2099 - Kandy;Kotthasara - Kandy

d_sinhala;2100;2100 - Vanni;Duchy Sinhala - Vanni
c_phiti;2100;2100 - Vanni;Pihiti - Vanni
c_nagadipa;2100;2100 - Vanni;Nagadipa - Vanni


b_kathmandu;557;557 - Katmandu;Barony Kathmandu - Katmandu


# Tarim Basim

c_kashgar;739;739 - Kashgar;Kashgar - Kashgar
c_kashgar;4210;4210 - Yangi Hissar;Kashgar - Yangi Hissar
c_kashgar;2124;2124 - Yarkand;Kashgar - Yarkand

c_yarkand;2124;2124 - Yarkand;Yarkand - Yarkand
c_aksu;2124;2124 - Yarkand;Aksu - Yarkand

c_khotan;710;710 - Hotan;Khotan - Hotan

c_aksu;712;712 - Aksu;Aksu - Aksu
c_aksu;4209;4209 - Maralbexi;Aksu - Maralbexi

c_kucha;2121;2121 - Kuqa;Kucha - Kuqa

c_cherchen;711;711 - Qarqan;Cherchen - Qarqan
c_charkliq;711;711 - Qarqan;Charkliq - Qarqan

c_karashar;2192;2192 - Korla;Karashar - Korla

c_loulan;2123;2123 - Qakilik;Loulan - Qakilik

c_dunhuang;707;707 - Yumen;Dunhuang - Yumen

c_anxi;2122;2122 - Hami;Anxi - Hami

c_kara_khoja;713;713 - Beshbaliq;Kara Khoja - Beshbaliq
c_dunkheger;713;713 - Beshbaliq;Dunkheger - Beshbaliq

c_dunkheger;4206;4206 - Balikul;Dunkheger - Balikul

c_kara_khoja;4207;4207 - Turpan;Kara Khoja - Turpan

c_luntai;715;715 - Urumqi;Luntai - Urumqi

# Mongolia

c_altay;714;714 - Hoboksar;Altay - Hoboksar

c_muztau;1066;1066 - Altai Uriankhai;Muztau - Altai Uriankhai

c_tsagaannuur;718;718 - Kobdo;Tsagaannuur - Kobdo
c_tsagaannuur;4222;4222 - Ulaangom;Tsagaannuur - Ulaangom

c_kyzyl;716;716 - Tannu Uriankhai;Kyzyl - Tannu Uriankhai
c_otuken;716;716 - Tannu Uriankhai;Otuken - Tannu Uriankhai

c_khangai;719;719 - Uliastai;Khangai - Uliastai

c_aj_bogd;2117;2117 - Zasagt;Aj Bogd - Zasagt
c_ikh_bogd;2117;2117 - Zasagt;Ikh Bogd - Zasagt

c_ikh_bogd;2193;2193 - Govi;Ikh Bogd - Govi

c_kara_khorum;2190;2190 - Qaraqorum;Kara Khorum - Qaraqorum

c_baygal;2189;2189 - Tsetserleg;Baygal - Tsetserleg